transaction_id,date,store_id,product_id,product_name,supplier,unit_price,quantity,discount_pct,total_value,stock_before_txn,reorder_flag
T00001,2024-06-14,S04,P005,Hoodie,MetroGoods,1283.93,3,15,3274.02,41,0
T00002,2024-03-29,S09,P007,Formal Shirt,MetroGoods,850.88,1,10,765.79,33,0
T00003,2024-07-27,S01,P010,Backpack,SupraSupply,1394.03,2,10,2509.25,73,0
T00004,2025-01-03,S03,P001,Classic T-Shirt,SupraSupply,192.9,4,5,733.02,66,0
T00005,2024-12-14,S10,P007,Formal Shirt,SupraSupply,780.18,2,0,1560.36,46,0
T00006,2024-07-13,S09,P003,Running Shoes,LocalDepot,2396.04,2,0,4792.08,10,0
T00007,2025-05-27,S10,P004,Baseball Cap,LocalDepot,321.92,2,15,547.26,96,0
T00008,2024-03-09,S06,P006,Socks (Pack),MetroGoods,190.0,1,5,180.5,52,0
T00009,2024-03-13,S07,P008,Chinos,LocalDepot,936.32,2,0,1872.64,48,0
T00010,2025-06-13,S02,P010,Backpack,MetroGoods,1670.15,2,15,2839.26,23,0
T00011,2025-05-25,S02,P005,Hoodie,SupraSupply,1438.2,1,0,1438.2,17,0
T00012,2024-01-24,S01,P004,Baseball Cap,PrimeWare,344.0,3,0,1032.0,54,0
T00013,2025-02-03,S05,P004,Baseball Cap,PrimeWare,397.65,2,0,795.3,36,0
T00014,2024-10-21,S02,P006,Socks (Pack),MetroGoods,222.4,4,10,800.64,37,0
T00015,2025-06-14,S09,P002,Slim Jeans,MetroGoods,873.69,4,10,3145.28,33,0
T00016,2025-02-12,S09,P010,Backpack,PrimeWare,1592.75,4,10,5733.9,91,0
T00017,2025-08-19,S01,P010,Backpack,SupraSupply,1432.46,3,10,3867.64,42,0
T00018,2024-02-03,S05,P008,Chinos,SupraSupply,1063.4,4,0,4253.6,33,0
T00019,2024-07-24,S07,P006,Socks (Pack),PrimeWare,226.86,3,15,578.49,30,0
T00020,2024-07-28,S01,P006,Socks (Pack),MetroGoods,219.4,7,5,1459.01,119,0
T00021,2024-08-29,S06,P009,Sunglasses,SupraSupply,577.47,1,15,490.85,107,0
T00022,2024-12-20,S02,P008,Chinos,SupraSupply,1060.43,2,0,2120.86,37,0
T00023,2025-07-18,S07,P002,Slim Jeans,SupraSupply,837.89,1,15,712.21,76,0
T00024,2024-02-12,S03,P008,Chinos,PrimeWare,1051.12,1,15,893.45,49,0
T00025,2025-06-03,S01,P002,Slim Jeans,LocalDepot,1020.75,2,0,2041.5,53,0
T00026,2025-05-04,S06,P004,Baseball Cap,LocalDepot,369.57,1,10,332.61,30,0
T00027,2024-02-26,S04,P005,Hoodie,SupraSupply,1236.32,6,0,7417.92,58,0
T00028,2025-11-29,S04,P001,Classic T-Shirt,LocalDepot,207.23,1,10,186.51,28,0
T00029,2024-02-23,S09,P001,Classic T-Shirt,LocalDepot,179.75,3,15,458.36,106,0
T00030,2025-03-16,S07,P007,Formal Shirt,MetroGoods,735.77,1,0,735.77,60,0
T00031,2024-04-28,S09,P007,Formal Shirt,MetroGoods,780.85,4,0,3123.4,31,0
T00032,2024-12-26,S02,P008,Chinos,PrimeWare,911.75,5,10,4102.88,53,0
T00033,2024-02-29,S06,P004,Baseball Cap,LocalDepot,321.4,4,15,1092.76,65,0
T00034,2025-08-25,S04,P004,Baseball Cap,SupraSupply,398.1,2,10,716.58,75,0
T00035,2025-07-03,S04,P001,Classic T-Shirt,LocalDepot,190.06,3,10,513.16,23,0
T00036,2024-09-12,S01,P010,Backpack,SupraSupply,1647.0,2,15,2799.9,87,0
T00037,2024-05-09,S02,P001,Classic T-Shirt,SupraSupply,215.9,1,0,215.9,20,0
T00038,2024-02-14,S03,P008,Chinos,PrimeWare,1093.4,2,0,2186.8,116,0
T00039,2024-10-26,S06,P006,Socks (Pack),MetroGoods,191.14,2,5,363.17,0,1
T00040,2025-05-05,S10,P003,Running Shoes,LocalDepot,2809.19,1,10,2528.27,51,0
T00041,2024-09-13,S02,P002,Slim Jeans,SupraSupply,943.91,3,5,2690.14,70,0
T00042,2025-12-23,S04,P009,Sunglasses,LocalDepot,609.3,2,10,1096.74,15,0
T00043,2025-12-31,S04,P006,Socks (Pack),LocalDepot,198.03,3,15,504.98,21,0
T00044,2025-10-31,S06,P005,Hoodie,PrimeWare,1290.16,2,5,2451.3,54,0
T00045,2024-11-22,S09,P004,Baseball Cap,PrimeWare,366.51,3,0,1099.53,1,1
T00046,2024-02-25,S09,P009,Sunglasses,SupraSupply,630.11,6,0,3780.66,63,0
T00047,2024-10-13,S07,P006,Socks (Pack),LocalDepot,219.42,2,10,394.96,116,0
T00048,2025-06-17,S04,P002,Slim Jeans,MetroGoods,925.26,3,0,2775.78,53,0
T00049,2024-05-05,S05,P004,Baseball Cap,MetroGoods,398.53,2,15,677.5,31,0
T00050,2024-08-28,S03,P006,Socks (Pack),SupraSupply,210.32,4,15,715.09,96,0
T00051,2024-01-22,S08,P008,Chinos,SupraSupply,958.34,5,0,4791.7,27,0
T00052,2024-10-11,S01,P008,Chinos,PrimeWare,957.19,2,10,1722.94,96,0
T00053,2024-03-27,S07,P010,Backpack,PrimeWare,1571.88,6,0,9431.28,70,0
T00054,2025-05-22,S05,P001,Classic T-Shirt,LocalDepot,188.8,5,0,944.0,45,0
T00055,2025-03-30,S07,P001,Classic T-Shirt,LocalDepot,203.9,4,15,693.26,50,0
T00056,2025-01-23,S04,P001,Classic T-Shirt,MetroGoods,203.49,3,0,610.47,85,0
T00057,2025-11-07,S07,P003,Running Shoes,SupraSupply,2847.02,4,10,10249.27,20,0
T00058,2024-01-27,S01,P005,Hoodie,PrimeWare,1455.27,5,15,6184.9,39,0
T00059,2025-08-28,S06,P010,Backpack,PrimeWare,1583.98,2,10,2851.16,81,0
T00060,2025-09-28,S01,P004,Baseball Cap,PrimeWare,354.17,1,0,354.17,83,0
T00061,2024-04-21,S07,P007,Formal Shirt,SupraSupply,850.18,4,5,3230.68,67,0
T00062,2025-07-01,S07,P009,Sunglasses,PrimeWare,639.21,3,10,1725.87,24,0
T00063,2024-06-15,S07,P008,Chinos,PrimeWare,973.76,3,0,2921.28,69,0
T00064,2024-05-15,S08,P007,Formal Shirt,MetroGoods,774.83,2,0,1549.66,29,0
T00065,2024-03-28,S05,P001,Classic T-Shirt,PrimeWare,184.2,3,0,552.6,95,0
T00066,2024-12-11,S09,P004,Baseball Cap,PrimeWare,379.52,3,15,967.78,107,0
T00067,2025-09-22,S07,P010,Backpack,SupraSupply,1623.78,1,0,1623.78,0,1
T00068,2025-11-06,S06,P005,Hoodie,PrimeWare,1394.28,1,5,1324.57,62,0
T00069,2024-05-07,S10,P005,Hoodie,SupraSupply,1327.13,3,0,3981.39,42,0
T00070,2024-09-27,S10,P005,Hoodie,PrimeWare,1410.02,3,5,4018.56,65,0
T00071,2024-01-18,S08,P003,Running Shoes,LocalDepot,2716.14,4,5,10321.33,83,0
T00072,2024-02-07,S01,P008,Chinos,LocalDepot,1021.53,2,0,2043.06,38,0
T00073,2025-02-22,S08,P006,Socks (Pack),MetroGoods,221.19,3,5,630.39,66,0
T00074,2024-10-10,S10,P001,Classic T-Shirt,SupraSupply,220.85,4,0,883.4,87,0
T00075,2024-03-06,S09,P010,Backpack,PrimeWare,1499.54,2,0,2999.08,84,0
T00076,2024-10-09,S03,P008,Chinos,PrimeWare,953.13,6,5,5432.84,45,0
T00077,2024-08-20,S08,P005,Hoodie,MetroGoods,1369.81,1,15,1164.34,58,0
T00078,2024-08-26,S03,P003,Running Shoes,SupraSupply,2267.07,1,15,1927.01,54,0
T00079,2025-12-01,S01,P002,Slim Jeans,MetroGoods,1000.76,3,5,2852.17,27,0
T00080,2024-02-12,S08,P009,Sunglasses,PrimeWare,665.94,3,5,1897.93,89,0
T00081,2024-09-22,S04,P009,Sunglasses,SupraSupply,590.5,8,5,4487.8,36,0
T00082,2025-07-07,S01,P005,Hoodie,PrimeWare,1283.72,3,15,3273.49,38,0
T00083,2024-12-24,S10,P001,Classic T-Shirt,MetroGoods,219.23,1,0,219.23,36,0
T00084,2024-04-25,S02,P002,Slim Jeans,LocalDepot,977.81,2,10,1760.06,37,0
T00085,2024-07-27,S02,P009,Sunglasses,MetroGoods,632.38,3,5,1802.28,55,0
T00086,2025-11-28,S10,P006,Socks (Pack),PrimeWare,217.77,5,0,1088.85,32,0
T00087,2024-10-16,S02,P007,Formal Shirt,LocalDepot,898.84,1,15,764.01,38,0
T00088,2025-09-13,S01,P003,Running Shoes,PrimeWare,2324.91,1,0,2324.91,108,0
T00089,2025-10-29,S06,P006,Socks (Pack),LocalDepot,193.77,1,0,193.77,29,0
T00090,2025-09-28,S08,P006,Socks (Pack),PrimeWare,192.79,3,15,491.61,29,0
T00091,2024-02-15,S03,P001,Classic T-Shirt,PrimeWare,200.54,5,0,1002.7,59,0
T00092,2024-04-18,S03,P005,Hoodie,SupraSupply,1423.85,3,15,3630.82,83,0
T00093,2025-06-07,S04,P010,Backpack,PrimeWare,1660.09,3,0,4980.27,8,1
T00094,2024-08-08,S10,P009,Sunglasses,PrimeWare,554.03,4,0,2216.12,46,0
T00095,2025-11-03,S10,P007,Formal Shirt,SupraSupply,766.1,2,10,1378.98,71,0
T00096,2024-03-20,S07,P003,Running Shoes,SupraSupply,2853.73,1,0,2853.73,75,0
T00097,2025-07-05,S10,P004,Baseball Cap,LocalDepot,374.47,7,0,2621.29,91,0
T00098,2025-09-13,S09,P002,Slim Jeans,SupraSupply,892.34,2,10,1606.21,73,0
T00099,2024-11-20,S09,P008,Chinos,LocalDepot,1138.78,2,5,2163.68,0,1
T00100,2024-09-06,S04,P005,Hoodie,PrimeWare,1221.42,3,0,3664.26,0,1
T00101,2024-08-24,S04,P006,Socks (Pack),PrimeWare,192.96,5,0,964.8,43,0
T00102,2025-12-10,S06,P008,Chinos,SupraSupply,1028.8,4,0,4115.2,46,0
T00103,2025-01-05,S08,P004,Baseball Cap,LocalDepot,336.67,2,0,673.34,108,0
T00104,2025-01-05,S06,P002,Slim Jeans,SupraSupply,1004.55,6,0,6027.3,75,0
T00105,2025-04-04,S10,P008,Chinos,MetroGoods,959.8,3,5,2735.43,0,1
T00106,2025-07-04,S04,P007,Formal Shirt,MetroGoods,834.83,1,0,834.83,34,0
T00107,2025-09-12,S07,P004,Baseball Cap,MetroGoods,379.17,2,5,720.42,45,0
T00108,2024-11-17,S05,P005,Hoodie,PrimeWare,1176.59,3,10,3176.79,23,0
T00109,2025-03-07,S02,P002,Slim Jeans,LocalDepot,878.77,2,0,1757.54,34,0
T00110,2025-10-09,S03,P009,Sunglasses,LocalDepot,539.86,3,0,1619.58,42,0
T00111,2024-01-16,S03,P004,Baseball Cap,LocalDepot,381.47,2,0,762.94,31,0
T00112,2024-09-26,S02,P003,Running Shoes,LocalDepot,2289.18,4,10,8241.05,3,1
T00113,2024-05-09,S08,P009,Sunglasses,SupraSupply,603.76,6,0,3622.56,48,0
T00114,2025-12-07,S07,P001,Classic T-Shirt,SupraSupply,219.93,3,0,659.79,41,0
T00115,2025-06-11,S02,P003,Running Shoes,MetroGoods,2658.28,2,15,4519.08,118,0
T00116,2024-12-28,S07,P009,Sunglasses,LocalDepot,554.94,2,5,1054.39,94,0
T00117,2025-12-30,S07,P003,Running Shoes,MetroGoods,2534.69,1,5,2407.96,64,0
T00118,2024-12-10,S02,P005,Hoodie,PrimeWare,1232.18,3,5,3511.71,97,0
T00119,2024-02-16,S10,P010,Backpack,SupraSupply,1580.26,4,5,6004.99,59,0
T00120,2025-02-22,S06,P002,Slim Jeans,LocalDepot,980.51,4,10,3529.84,56,0
T00121,2025-05-03,S07,P008,Chinos,PrimeWare,1001.65,4,10,3605.94,19,0
T00122,2024-06-04,S03,P003,Running Shoes,SupraSupply,2398.12,2,15,4076.8,62,0
T00123,2025-11-21,S10,P001,Classic T-Shirt,PrimeWare,213.49,3,0,640.47,81,0
T00124,2025-03-25,S07,P008,Chinos,PrimeWare,1058.1,2,15,1798.77,39,0
T00125,2024-04-09,S09,P003,Running Shoes,PrimeWare,2262.85,2,10,4073.13,57,0
T00126,2024-12-15,S05,P004,Baseball Cap,LocalDepot,337.73,2,5,641.69,31,0
T00127,2024-10-19,S10,P001,Classic T-Shirt,LocalDepot,203.97,3,0,611.91,94,0
T00128,2024-07-01,S07,P006,Socks (Pack),PrimeWare,211.54,2,15,359.62,15,0
T00129,2025-03-16,S01,P003,Running Shoes,MetroGoods,2326.95,2,15,3955.81,85,0
T00130,2024-04-11,S05,P009,Sunglasses,PrimeWare,548.07,2,10,986.53,52,0
T00131,2024-05-01,S05,P006,Socks (Pack),MetroGoods,221.26,4,5,840.79,40,0
T00132,2025-03-25,S05,P005,Hoodie,LocalDepot,1404.93,2,5,2669.37,96,0
T00133,2024-09-22,S03,P004,Baseball Cap,PrimeWare,380.0,3,15,969.0,36,0
T00134,2025-11-13,S02,P010,Backpack,MetroGoods,1441.1,2,10,2593.98,122,0
T00135,2024-07-30,S03,P005,Hoodie,SupraSupply,1359.23,4,10,4893.23,0,1
T00136,2024-01-29,S09,P009,Sunglasses,MetroGoods,638.39,5,10,2872.76,53,0
T00137,2024-01-07,S01,P010,Backpack,MetroGoods,1613.69,3,0,4841.07,70,0
T00138,2024-07-27,S01,P008,Chinos,PrimeWare,1050.88,5,15,4466.24,34,0
T00139,2025-03-31,S10,P005,Hoodie,LocalDepot,1170.52,6,0,7023.12,58,0
T00140,2024-10-29,S03,P009,Sunglasses,LocalDepot,614.76,1,10,553.28,29,0
T00141,2025-03-18,S02,P002,Slim Jeans,LocalDepot,851.42,1,0,851.42,76,0
T00142,2024-05-20,S05,P008,Chinos,SupraSupply,990.05,3,0,2970.15,12,0
T00143,2024-03-21,S02,P005,Hoodie,PrimeWare,1327.24,4,5,5043.51,0,1
T00144,2024-06-09,S02,P004,Baseball Cap,PrimeWare,394.34,4,0,1577.36,25,0
T00145,2025-04-09,S06,P009,Sunglasses,PrimeWare,544.6,2,0,1089.2,16,0
T00146,2024-02-09,S02,P009,Sunglasses,PrimeWare,584.71,4,0,2338.84,20,0
T00147,2024-07-13,S02,P007,Formal Shirt,PrimeWare,751.28,3,10,2028.46,47,0
T00148,2024-09-08,S01,P009,Sunglasses,SupraSupply,573.72,3,5,1635.1,62,0
T00149,2024-08-13,S10,P003,Running Shoes,LocalDepot,2586.07,3,15,6594.48,50,0
T00150,2024-06-04,S05,P004,Baseball Cap,LocalDepot,318.04,1,0,318.04,100,0
T00151,2024-10-16,S03,P008,Chinos,LocalDepot,1068.5,4,5,4060.3,0,1
T00152,2025-06-12,S04,P003,Running Shoes,SupraSupply,2702.27,5,15,11484.65,40,0
T00153,2024-03-09,S01,P004,Baseball Cap,LocalDepot,318.55,7,0,2229.85,71,0
T00154,2025-12-28,S09,P008,Chinos,MetroGoods,1036.3,4,0,4145.2,49,0
T00155,2025-12-05,S01,P003,Running Shoes,LocalDepot,2669.23,3,15,6806.54,39,0
T00156,2025-10-08,S10,P005,Hoodie,LocalDepot,1377.7,3,5,3926.44,35,0
T00157,2025-05-10,S04,P010,Backpack,PrimeWare,1442.29,4,10,5192.24,43,0
T00158,2024-08-25,S03,P009,Sunglasses,PrimeWare,607.43,2,5,1154.12,59,0
T00159,2025-10-07,S08,P005,Hoodie,LocalDepot,1392.74,3,5,3969.31,64,0
T00160,2025-07-10,S10,P007,Formal Shirt,PrimeWare,918.59,5,5,4363.3,41,0
T00161,2024-08-12,S05,P008,Chinos,SupraSupply,1077.11,4,0,4308.44,34,0
T00162,2025-04-02,S05,P002,Slim Jeans,LocalDepot,930.89,2,15,1582.51,20,0
T00163,2024-04-28,S04,P006,Socks (Pack),LocalDepot,222.15,1,10,199.94,48,0
T00164,2025-11-07,S08,P003,Running Shoes,PrimeWare,2842.85,1,15,2416.42,57,0
T00165,2025-12-22,S06,P002,Slim Jeans,LocalDepot,910.13,4,0,3640.52,37,0
T00166,2025-09-07,S08,P003,Running Shoes,LocalDepot,2868.82,4,5,10901.52,35,0
T00167,2024-10-24,S04,P007,Formal Shirt,SupraSupply,758.37,7,10,4777.73,56,0
T00168,2025-02-22,S09,P005,Hoodie,MetroGoods,1174.83,6,15,5991.63,64,0
T00169,2024-09-24,S09,P001,Classic T-Shirt,PrimeWare,195.34,3,10,527.42,15,0
T00170,2025-03-28,S07,P006,Socks (Pack),LocalDepot,196.86,2,0,393.72,46,0
T00171,2024-02-25,S07,P007,Formal Shirt,PrimeWare,848.91,5,0,4244.55,72,0
T00172,2024-12-13,S08,P005,Hoodie,MetroGoods,1418.42,3,15,3616.97,86,0
T00173,2025-02-23,S05,P001,Classic T-Shirt,LocalDepot,220.64,3,0,661.92,46,0
T00174,2025-07-02,S10,P004,Baseball Cap,MetroGoods,350.44,6,5,1997.51,33,0
T00175,2024-05-12,S02,P004,Baseball Cap,PrimeWare,383.08,3,5,1091.78,131,0
T00176,2024-01-22,S09,P010,Backpack,SupraSupply,1472.5,5,0,7362.5,47,0
T00177,2024-12-27,S02,P007,Formal Shirt,PrimeWare,791.21,4,15,2690.11,100,0
T00178,2025-06-15,S02,P009,Sunglasses,SupraSupply,685.47,3,10,1850.77,36,0
T00179,2024-06-09,S06,P004,Baseball Cap,MetroGoods,329.56,1,0,329.56,41,0
T00180,2024-10-24,S07,P009,Sunglasses,MetroGoods,551.91,4,15,1876.49,21,0
T00181,2025-02-27,S06,P003,Running Shoes,PrimeWare,2288.79,4,0,9155.16,50,0
T00182,2024-01-14,S09,P004,Baseball Cap,MetroGoods,369.83,5,15,1571.78,64,0
T00183,2025-05-28,S01,P001,Classic T-Shirt,SupraSupply,211.45,2,0,422.9,62,0
T00184,2024-06-09,S08,P007,Formal Shirt,SupraSupply,902.05,3,0,2706.15,9,1
T00185,2024-08-23,S05,P005,Hoodie,SupraSupply,1443.21,4,15,4906.91,2,1
T00186,2024-05-06,S01,P004,Baseball Cap,PrimeWare,315.4,4,5,1198.52,32,0
T00187,2024-10-03,S07,P007,Formal Shirt,MetroGoods,785.2,5,0,3926.0,61,0
T00188,2025-05-31,S02,P002,Slim Jeans,SupraSupply,935.29,2,0,1870.58,36,0
T00189,2025-07-08,S01,P007,Formal Shirt,SupraSupply,892.61,4,5,3391.92,51,0
T00190,2025-08-25,S03,P010,Backpack,SupraSupply,1656.03,2,10,2980.85,52,0
T00191,2024-11-27,S04,P007,Formal Shirt,PrimeWare,872.72,2,15,1483.62,133,0
T00192,2024-11-05,S09,P007,Formal Shirt,SupraSupply,861.5,3,5,2455.28,49,0
T00193,2024-04-12,S08,P005,Hoodie,MetroGoods,1339.86,3,5,3818.6,49,0
T00194,2025-01-20,S10,P005,Hoodie,LocalDepot,1341.23,1,10,1207.11,67,0
T00195,2024-08-15,S07,P005,Hoodie,SupraSupply,1209.65,3,0,3628.95,0,1
T00196,2025-05-09,S09,P007,Formal Shirt,PrimeWare,917.91,3,10,2478.36,0,1
T00197,2025-01-26,S09,P005,Hoodie,MetroGoods,1420.72,2,0,2841.44,30,0
T00198,2025-01-16,S08,P001,Classic T-Shirt,LocalDepot,225.21,3,10,608.07,14,0
T00199,2024-08-17,S02,P009,Sunglasses,LocalDepot,603.6,3,5,1720.26,83,0
T00200,2024-08-25,S01,P010,Backpack,LocalDepot,1601.34,1,0,1601.34,34,0
T00201,2025-07-30,S06,P008,Chinos,LocalDepot,1040.14,2,15,1768.24,23,0
T00202,2024-05-27,S05,P002,Slim Jeans,PrimeWare,962.4,6,15,4908.24,87,0
T00203,2024-07-31,S02,P002,Slim Jeans,MetroGoods,900.2,1,0,900.2,39,0
T00204,2024-03-26,S10,P008,Chinos,MetroGoods,1010.46,6,0,6062.76,47,0
T00205,2025-06-19,S07,P003,Running Shoes,LocalDepot,2326.38,4,10,8374.97,18,0
T00206,2025-05-20,S04,P010,Backpack,SupraSupply,1594.94,5,0,7974.7,57,0
T00207,2024-12-11,S07,P005,Hoodie,PrimeWare,1247.79,5,5,5927.0,9,1
T00208,2025-12-06,S01,P003,Running Shoes,PrimeWare,2472.51,1,15,2101.63,96,0
T00209,2024-01-06,S10,P010,Backpack,LocalDepot,1682.38,4,10,6056.57,25,0
T00210,2025-07-12,S04,P005,Hoodie,LocalDepot,1171.09,3,10,3161.94,28,0
T00211,2024-11-25,S06,P008,Chinos,MetroGoods,1065.32,4,15,3622.09,54,0
T00212,2024-04-17,S08,P008,Chinos,SupraSupply,1028.56,4,10,3702.82,33,0
T00213,2024-05-10,S02,P007,Formal Shirt,LocalDepot,787.82,2,5,1496.86,42,0
T00214,2024-06-19,S03,P001,Classic T-Shirt,SupraSupply,184.58,3,5,526.05,14,0
T00215,2024-02-09,S08,P004,Baseball Cap,SupraSupply,401.25,2,0,802.5,38,0
T00216,2025-10-03,S08,P007,Formal Shirt,MetroGoods,861.89,1,15,732.61,5,1
T00217,2025-07-14,S08,P009,Sunglasses,MetroGoods,667.15,2,10,1200.87,36,0
T00218,2024-10-30,S07,P007,Formal Shirt,SupraSupply,867.94,2,0,1735.88,55,0
T00219,2025-11-23,S07,P002,Slim Jeans,PrimeWare,1009.31,3,10,2725.14,103,0
T00220,2025-09-21,S09,P005,Hoodie,PrimeWare,1484.03,3,0,4452.09,47,0
T00221,2024-05-24,S10,P006,Socks (Pack),MetroGoods,201.73,3,0,605.19,44,0
T00222,2025-09-20,S09,P005,Hoodie,MetroGoods,1457.37,2,10,2623.27,41,0
T00223,2025-04-28,S09,P006,Socks (Pack),PrimeWare,194.97,3,5,555.66,41,0
T00224,2024-05-18,S04,P008,Chinos,PrimeWare,1148.32,4,10,4133.95,0,1
T00225,2024-01-11,S09,P003,Running Shoes,LocalDepot,2590.22,5,10,11655.99,64,0
T00226,2024-06-02,S07,P006,Socks (Pack),MetroGoods,226.2,2,15,384.54,0,1
T00227,2024-11-15,S02,P008,Chinos,SupraSupply,1050.41,5,5,4989.45,124,0
T00228,2025-07-04,S04,P004,Baseball Cap,SupraSupply,353.4,3,10,954.18,59,0
T00229,2024-03-03,S06,P008,Chinos,SupraSupply,1002.9,1,5,952.75,0,1
T00230,2024-03-09,S08,P010,Backpack,MetroGoods,1484.06,2,0,2968.12,10,0
T00231,2024-12-19,S09,P006,Socks (Pack),MetroGoods,199.27,2,15,338.76,82,0
T00232,2024-10-18,S04,P001,Classic T-Shirt,PrimeWare,223.89,4,5,850.78,0,1
T00233,2025-01-11,S10,P007,Formal Shirt,PrimeWare,916.99,3,5,2613.42,63,0
T00234,2025-07-28,S07,P010,Backpack,PrimeWare,1377.43,1,15,1170.82,49,0
T00235,2025-08-29,S04,P009,Sunglasses,SupraSupply,612.4,3,0,1837.2,61,0
T00236,2024-10-13,S02,P003,Running Shoes,MetroGoods,2664.07,2,0,5328.14,74,0
T00237,2024-05-09,S05,P003,Running Shoes,SupraSupply,2251.16,1,0,2251.16,35,0
T00238,2024-12-04,S10,P009,Sunglasses,LocalDepot,631.41,2,0,1262.82,70,0
T00239,2025-09-22,S10,P010,Backpack,PrimeWare,1360.17,6,15,6936.87,97,0
T00240,2024-01-03,S04,P008,Chinos,MetroGoods,949.98,3,0,2849.94,30,0
T00241,2025-09-21,S04,P004,Baseball Cap,SupraSupply,373.85,3,15,953.32,14,0
T00242,2025-05-01,S03,P003,Running Shoes,MetroGoods,2624.73,5,10,11811.28,37,0
T00243,2024-02-23,S06,P001,Classic T-Shirt,SupraSupply,179.27,2,15,304.76,55,0
T00244,2025-03-11,S09,P003,Running Shoes,LocalDepot,2422.75,3,10,6541.42,6,1
T00245,2025-05-27,S06,P008,Chinos,PrimeWare,1139.97,2,10,2051.95,69,0
T00246,2025-01-21,S04,P002,Slim Jeans,LocalDepot,848.31,3,15,2163.19,75,0
T00247,2024-11-15,S08,P007,Formal Shirt,PrimeWare,824.67,4,10,2968.81,79,0
T00248,2025-09-11,S06,P009,Sunglasses,SupraSupply,643.38,6,15,3281.24,46,0
T00249,2025-12-29,S03,P004,Baseball Cap,PrimeWare,399.91,2,10,719.84,6,1
T00250,2025-05-16,S07,P003,Running Shoes,LocalDepot,2515.33,3,0,7545.99,18,0
T00251,2025-10-29,S02,P005,Hoodie,LocalDepot,1275.2,3,15,3251.76,27,0
T00252,2025-01-09,S03,P006,Socks (Pack),SupraSupply,220.26,3,0,660.78,0,1
T00253,2024-08-06,S06,P008,Chinos,LocalDepot,1028.6,3,5,2931.51,114,0
T00254,2025-01-26,S09,P010,Backpack,MetroGoods,1508.96,1,5,1433.51,93,0
T00255,2024-07-19,S03,P006,Socks (Pack),SupraSupply,209.52,1,0,209.52,52,0
T00256,2024-01-06,S06,P008,Chinos,MetroGoods,1048.04,4,15,3563.34,13,0
T00257,2024-04-06,S05,P010,Backpack,PrimeWare,1477.47,2,0,2954.94,6,1
T00258,2025-09-13,S05,P006,Socks (Pack),SupraSupply,217.48,2,0,434.96,66,0
T00259,2025-10-19,S01,P005,Hoodie,PrimeWare,1178.78,2,15,2003.93,40,0
T00260,2025-12-13,S07,P008,Chinos,SupraSupply,1034.23,4,15,3516.38,67,0
T00261,2025-08-08,S05,P005,Hoodie,SupraSupply,1330.96,4,10,4791.46,65,0
T00262,2025-05-17,S08,P001,Classic T-Shirt,LocalDepot,188.44,2,5,358.04,55,0
T00263,2024-02-09,S08,P003,Running Shoes,SupraSupply,2418.48,4,5,9190.22,27,0
T00264,2025-12-23,S01,P006,Socks (Pack),MetroGoods,210.2,3,15,536.01,2,1
T00265,2025-03-05,S03,P003,Running Shoes,SupraSupply,2785.78,2,0,5571.56,68,0
T00266,2025-10-14,S01,P002,Slim Jeans,LocalDepot,889.34,3,5,2534.62,47,0
T00267,2025-07-11,S06,P001,Classic T-Shirt,SupraSupply,205.46,3,0,616.38,94,0
T00268,2024-12-06,S04,P005,Hoodie,SupraSupply,1207.29,6,0,7243.74,102,0
T00269,2025-06-12,S03,P006,Socks (Pack),PrimeWare,206.25,4,0,825.0,15,0
T00270,2025-11-14,S07,P001,Classic T-Shirt,LocalDepot,189.6,1,10,170.64,63,0
T00271,2025-05-28,S02,P001,Classic T-Shirt,MetroGoods,197.33,2,0,394.66,74,0
T00272,2024-06-25,S05,P003,Running Shoes,SupraSupply,2403.57,3,0,7210.71,50,0
T00273,2025-09-15,S01,P008,Chinos,PrimeWare,1111.59,2,10,2000.86,64,0
T00274,2024-06-26,S09,P004,Baseball Cap,LocalDepot,392.05,2,15,666.48,63,0
T00275,2025-07-28,S05,P001,Classic T-Shirt,PrimeWare,192.61,3,0,577.83,0,1
T00276,2025-04-22,S02,P006,Socks (Pack),PrimeWare,188.67,2,5,358.47,18,0
T00277,2024-03-31,S02,P010,Backpack,LocalDepot,1383.67,2,0,2767.34,50,0
T00278,2024-03-29,S02,P002,Slim Jeans,MetroGoods,907.62,2,0,1815.24,22,0
T00279,2024-06-22,S06,P003,Running Shoes,SupraSupply,2490.95,1,0,2490.95,54,0
T00280,2025-04-16,S04,P001,Classic T-Shirt,PrimeWare,226.5,4,0,906.0,30,0
T00281,2025-11-28,S04,P002,Slim Jeans,PrimeWare,836.03,5,0,4180.15,0,1
T00282,2024-02-24,S03,P004,Baseball Cap,PrimeWare,400.59,2,10,721.06,66,0
T00283,2024-10-12,S05,P007,Formal Shirt,MetroGoods,794.71,3,0,2384.13,68,0
T00284,2025-02-27,S10,P003,Running Shoes,PrimeWare,2626.38,2,0,5252.76,50,0
T00285,2024-07-23,S04,P004,Baseball Cap,PrimeWare,366.06,4,0,1464.24,0,1
T00286,2025-12-15,S05,P003,Running Shoes,PrimeWare,2331.93,3,5,6646.0,61,0
T00287,2025-05-16,S05,P008,Chinos,SupraSupply,1036.46,4,15,3523.96,45,0
T00288,2024-12-23,S10,P006,Socks (Pack),PrimeWare,186.79,3,0,560.37,41,0
T00289,2024-02-07,S08,P009,Sunglasses,MetroGoods,589.95,4,10,2123.82,79,0
T00290,2025-07-04,S07,P010,Backpack,MetroGoods,1420.84,2,0,2841.68,67,0
T00291,2024-12-21,S04,P010,Backpack,LocalDepot,1677.77,1,5,1593.88,31,0
T00292,2025-12-17,S04,P005,Hoodie,PrimeWare,1492.93,3,5,4254.85,50,0
T00293,2024-04-02,S09,P009,Sunglasses,PrimeWare,611.29,3,15,1558.79,70,0
T00294,2024-08-11,S04,P009,Sunglasses,PrimeWare,597.82,1,15,508.15,15,0
T00295,2024-04-28,S05,P008,Chinos,SupraSupply,984.51,5,15,4184.17,15,0
T00296,2024-05-23,S03,P009,Sunglasses,LocalDepot,639.88,3,0,1919.64,14,0
T00297,2025-01-16,S10,P008,Chinos,PrimeWare,953.75,1,0,953.75,19,0
T00298,2024-11-26,S07,P010,Backpack,SupraSupply,1632.3,3,10,4407.21,55,0
T00299,2024-06-11,S06,P002,Slim Jeans,SupraSupply,854.46,4,0,3417.84,18,0
T00300,2024-12-10,S08,P007,Formal Shirt,PrimeWare,897.04,4,5,3408.75,23,0
T00301,2024-11-09,S03,P002,Slim Jeans,PrimeWare,904.72,4,10,3256.99,30,0
T00302,2024-01-23,S08,P003,Running Shoes,MetroGoods,2692.55,1,10,2423.3,67,0
T00303,2025-08-30,S10,P008,Chinos,LocalDepot,1128.84,2,15,1919.03,102,0
T00304,2025-04-29,S07,P010,Backpack,LocalDepot,1506.49,2,5,2862.33,3,1
T00305,2025-09-07,S05,P004,Baseball Cap,PrimeWare,339.89,2,10,611.8,37,0
T00306,2024-11-03,S08,P006,Socks (Pack),LocalDepot,213.75,2,0,427.5,91,0
T00307,2025-03-07,S04,P001,Classic T-Shirt,SupraSupply,189.49,1,0,189.49,106,0
T00308,2025-08-30,S05,P007,Formal Shirt,LocalDepot,867.86,4,0,3471.44,49,0
T00309,2024-11-03,S03,P001,Classic T-Shirt,MetroGoods,208.81,4,0,835.24,125,0
T00310,2025-08-04,S09,P010,Backpack,MetroGoods,1603.27,6,5,9138.64,46,0
T00311,2024-02-25,S03,P003,Running Shoes,PrimeWare,2706.07,2,10,4870.93,36,0
T00312,2024-12-20,S05,P002,Slim Jeans,MetroGoods,826.66,5,10,3719.97,0,1
T00313,2025-04-16,S07,P008,Chinos,MetroGoods,945.48,2,10,1701.86,33,0
T00314,2024-06-25,S03,P001,Classic T-Shirt,MetroGoods,203.37,9,5,1738.81,18,0
T00315,2024-07-08,S05,P005,Hoodie,SupraSupply,1380.83,3,0,4142.49,58,0
T00316,2024-04-02,S04,P004,Baseball Cap,LocalDepot,335.35,4,10,1207.26,74,0
T00317,2024-01-06,S03,P004,Baseball Cap,PrimeWare,354.13,3,5,1009.27,13,0
T00318,2024-04-12,S03,P008,Chinos,PrimeWare,1030.35,3,15,2627.39,98,0
T00319,2025-12-16,S09,P008,Chinos,LocalDepot,1110.57,2,0,2221.14,98,0
T00320,2025-04-19,S08,P004,Baseball Cap,LocalDepot,317.27,3,10,856.63,101,0
T00321,2024-05-11,S02,P004,Baseball Cap,LocalDepot,350.35,4,0,1401.4,71,0
T00322,2024-11-30,S03,P006,Socks (Pack),LocalDepot,181.11,1,0,181.11,21,0
T00323,2025-06-30,S07,P005,Hoodie,LocalDepot,1177.51,2,5,2237.27,62,0
T00324,2025-11-16,S06,P002,Slim Jeans,LocalDepot,863.48,7,0,6044.36,66,0
T00325,2025-09-15,S01,P010,Backpack,MetroGoods,1642.53,3,5,4681.21,41,0
T00326,2025-01-05,S04,P003,Running Shoes,PrimeWare,2515.7,3,0,7547.1,32,0
T00327,2025-09-17,S09,P006,Socks (Pack),SupraSupply,200.96,5,10,904.32,6,1
T00328,2025-10-23,S07,P010,Backpack,SupraSupply,1375.35,4,0,5501.4,37,0
T00329,2024-07-11,S03,P004,Baseball Cap,LocalDepot,381.19,2,5,724.26,58,0
T00330,2025-03-21,S04,P001,Classic T-Shirt,PrimeWare,225.24,2,0,450.48,77,0
T00331,2025-10-31,S06,P002,Slim Jeans,LocalDepot,1019.86,3,15,2600.64,70,0
T00332,2024-10-18,S07,P003,Running Shoes,MetroGoods,2490.85,4,10,8967.06,32,0
T00333,2024-02-05,S07,P005,Hoodie,LocalDepot,1374.43,3,15,3504.8,87,0
T00334,2024-06-16,S07,P005,Hoodie,MetroGoods,1450.26,3,0,4350.78,50,0
T00335,2025-04-21,S09,P007,Formal Shirt,SupraSupply,836.34,3,10,2258.12,71,0
T00336,2025-11-02,S06,P002,Slim Jeans,SupraSupply,846.53,2,15,1439.1,85,0
T00337,2024-11-22,S01,P007,Formal Shirt,MetroGoods,740.91,4,0,2963.64,12,0
T00338,2025-12-03,S10,P003,Running Shoes,LocalDepot,2386.01,4,15,8112.43,69,0
T00339,2025-10-31,S01,P008,Chinos,LocalDepot,1108.18,4,0,4432.72,64,0
T00340,2024-11-06,S07,P007,Formal Shirt,SupraSupply,826.84,2,15,1405.63,26,0
T00341,2025-09-10,S05,P007,Formal Shirt,SupraSupply,916.5,6,0,5499.0,35,0
T00342,2025-04-29,S09,P008,Chinos,PrimeWare,962.15,3,0,2886.45,78,0
T00343,2024-04-24,S09,P006,Socks (Pack),PrimeWare,213.89,1,5,203.2,10,0
T00344,2025-11-21,S07,P003,Running Shoes,LocalDepot,2563.38,3,5,7305.63,104,0
T00345,2024-12-11,S03,P002,Slim Jeans,SupraSupply,836.61,4,5,3179.12,29,0
T00346,2025-06-11,S05,P010,Backpack,MetroGoods,1649.4,3,0,4948.2,87,0
T00347,2024-02-19,S08,P010,Backpack,LocalDepot,1712.43,3,0,5137.29,23,0
T00348,2024-05-04,S05,P008,Chinos,SupraSupply,1135.56,3,0,3406.68,42,0
T00349,2024-02-21,S08,P008,Chinos,PrimeWare,1049.4,5,15,4459.95,43,0
T00350,2025-03-11,S06,P010,Backpack,PrimeWare,1701.55,2,5,3232.94,9,1
T00351,2025-07-09,S05,P006,Socks (Pack),SupraSupply,216.94,3,5,618.28,89,0
T00352,2024-12-31,S03,P005,Hoodie,PrimeWare,1257.48,1,0,1257.48,14,0
T00353,2024-11-28,S01,P007,Formal Shirt,LocalDepot,805.38,4,0,3221.52,45,0
T00354,2024-12-31,S01,P005,Hoodie,SupraSupply,1201.62,1,0,1201.62,64,0
T00355,2024-09-11,S09,P001,Classic T-Shirt,LocalDepot,188.0,4,5,714.4,20,0
T00356,2024-05-09,S02,P003,Running Shoes,SupraSupply,2509.52,4,0,10038.08,45,0
T00357,2024-10-08,S08,P003,Running Shoes,LocalDepot,2844.3,3,0,8532.9,29,0
T00358,2025-06-20,S08,P006,Socks (Pack),MetroGoods,190.23,5,15,808.48,100,0
T00359,2024-03-19,S08,P010,Backpack,SupraSupply,1511.4,3,10,4080.78,51,0
T00360,2024-05-30,S06,P006,Socks (Pack),SupraSupply,204.72,1,0,204.72,73,0
T00361,2025-06-08,S02,P010,Backpack,LocalDepot,1351.88,5,0,6759.4,0,1
T00362,2025-03-08,S06,P002,Slim Jeans,PrimeWare,878.4,3,0,2635.2,37,0
T00363,2024-09-20,S01,P007,Formal Shirt,MetroGoods,853.04,3,10,2303.21,74,0
T00364,2024-07-15,S07,P002,Slim Jeans,SupraSupply,1002.29,6,10,5412.37,50,0
T00365,2025-09-22,S05,P010,Backpack,PrimeWare,1469.55,4,15,4996.47,39,0
T00366,2025-12-11,S09,P009,Sunglasses,MetroGoods,672.57,2,0,1345.14,33,0
T00367,2024-08-08,S06,P001,Classic T-Shirt,LocalDepot,221.08,4,0,884.32,103,0
T00368,2024-10-10,S05,P007,Formal Shirt,MetroGoods,759.17,3,10,2049.76,92,0
T00369,2024-07-04,S01,P009,Sunglasses,LocalDepot,556.61,2,10,1001.9,86,0
T00370,2025-02-20,S05,P005,Hoodie,SupraSupply,1424.03,3,15,3631.28,26,0
T00371,2025-11-03,S01,P004,Baseball Cap,LocalDepot,383.04,2,10,689.47,52,0
T00372,2025-04-18,S05,P003,Running Shoes,PrimeWare,2430.09,3,5,6925.76,40,0
T00373,2024-08-14,S06,P010,Backpack,SupraSupply,1713.95,1,0,1713.95,17,0
T00374,2024-08-14,S01,P004,Baseball Cap,PrimeWare,332.09,2,15,564.55,65,0
T00375,2025-12-30,S10,P002,Slim Jeans,PrimeWare,1032.6,4,10,3717.36,15,0
T00376,2025-10-12,S08,P010,Backpack,LocalDepot,1722.27,3,0,5166.81,61,0
T00377,2025-05-02,S06,P010,Backpack,LocalDepot,1548.47,2,5,2942.09,0,1
T00378,2024-12-14,S01,P009,Sunglasses,PrimeWare,569.94,3,10,1538.84,102,0
T00379,2024-06-04,S06,P006,Socks (Pack),LocalDepot,210.36,4,0,841.44,51,0
T00380,2025-06-29,S08,P008,Chinos,MetroGoods,1093.0,2,5,2076.7,39,0
T00381,2025-02-16,S07,P003,Running Shoes,PrimeWare,2703.8,5,15,11491.15,35,0
T00382,2025-10-08,S10,P001,Classic T-Shirt,SupraSupply,213.11,1,0,213.11,91,0
T00383,2024-03-26,S09,P008,Chinos,PrimeWare,1077.58,2,0,2155.16,66,0
T00384,2024-11-07,S09,P004,Baseball Cap,PrimeWare,352.61,3,10,952.05,41,0
T00385,2025-11-21,S06,P005,Hoodie,LocalDepot,1400.36,2,10,2520.65,109,0
T00386,2025-10-01,S01,P008,Chinos,MetroGoods,910.2,3,15,2321.01,56,0
T00387,2025-08-01,S03,P010,Backpack,PrimeWare,1401.29,4,5,5324.9,13,0
T00388,2024-10-17,S07,P007,Formal Shirt,SupraSupply,890.96,4,0,3563.84,5,1
T00389,2025-01-19,S08,P009,Sunglasses,MetroGoods,658.79,4,10,2371.64,48,0
T00390,2025-09-13,S03,P009,Sunglasses,LocalDepot,633.66,3,15,1615.83,51,0
T00391,2024-08-11,S02,P002,Slim Jeans,LocalDepot,841.95,4,0,3367.8,68,0
T00392,2024-07-01,S02,P004,Baseball Cap,PrimeWare,342.15,3,10,923.8,0,1
T00393,2024-12-26,S07,P003,Running Shoes,LocalDepot,2801.44,4,10,10085.18,76,0
T00394,2024-11-23,S07,P004,Baseball Cap,PrimeWare,366.5,1,0,366.5,64,0
T00395,2025-05-29,S02,P006,Socks (Pack),PrimeWare,192.24,4,0,768.96,36,0
T00396,2024-08-18,S09,P009,Sunglasses,LocalDepot,556.93,3,5,1587.25,45,0
T00397,2024-10-20,S08,P007,Formal Shirt,LocalDepot,823.32,5,15,3499.11,48,0
T00398,2025-02-13,S03,P008,Chinos,MetroGoods,961.22,2,10,1730.2,15,0
T00399,2025-04-20,S01,P005,Hoodie,PrimeWare,1209.02,2,15,2055.33,52,0
T00400,2025-08-17,S02,P003,Running Shoes,LocalDepot,2575.65,2,5,4893.73,60,0
T00401,2024-07-12,S07,P007,Formal Shirt,LocalDepot,848.31,2,10,1526.96,46,0
T00402,2024-05-21,S10,P001,Classic T-Shirt,MetroGoods,198.55,2,0,397.1,44,0
T00403,2025-09-05,S10,P010,Backpack,SupraSupply,1525.55,6,0,9153.3,0,1
T00404,2024-11-28,S07,P010,Backpack,SupraSupply,1704.12,5,15,7242.51,66,0
T00405,2025-08-05,S04,P010,Backpack,MetroGoods,1456.74,2,5,2767.81,74,0
T00406,2024-01-24,S02,P008,Chinos,PrimeWare,1088.13,6,15,5549.46,44,0
T00407,2024-06-14,S07,P010,Backpack,MetroGoods,1460.59,4,5,5550.24,88,0
T00408,2024-06-28,S06,P008,Chinos,MetroGoods,1015.88,4,5,3860.34,38,0
T00409,2024-05-15,S04,P008,Chinos,PrimeWare,1050.03,3,0,3150.09,69,0
T00410,2024-07-30,S02,P005,Hoodie,SupraSupply,1333.11,3,10,3599.4,50,0
T00411,2024-09-07,S08,P010,Backpack,LocalDepot,1491.97,3,15,3804.52,92,0
T00412,2024-06-30,S08,P010,Backpack,MetroGoods,1707.67,4,0,6830.68,65,0
T00413,2025-09-10,S09,P008,Chinos,SupraSupply,1110.47,2,15,1887.8,80,0
T00414,2025-04-18,S03,P006,Socks (Pack),MetroGoods,204.27,2,0,408.54,23,0
T00415,2025-11-29,S01,P002,Slim Jeans,SupraSupply,818.51,2,10,1473.32,28,0
T00416,2025-01-29,S09,P007,Formal Shirt,LocalDepot,795.15,1,15,675.88,0,1
T00417,2025-07-04,S07,P002,Slim Jeans,PrimeWare,1018.43,3,15,2597.0,57,0
T00418,2025-03-25,S10,P002,Slim Jeans,SupraSupply,835.07,5,0,4175.35,24,0
T00419,2025-02-11,S01,P008,Chinos,PrimeWare,973.38,3,15,2482.12,26,0
T00420,2025-06-07,S06,P001,Classic T-Shirt,LocalDepot,204.08,4,10,734.69,62,0
T00421,2024-04-16,S07,P008,Chinos,SupraSupply,941.71,2,0,1883.42,93,0
T00422,2024-06-22,S05,P003,Running Shoes,SupraSupply,2625.58,3,0,7876.74,19,0
T00423,2024-05-25,S07,P006,Socks (Pack),PrimeWare,219.58,1,0,219.58,57,0
T00424,2024-09-27,S08,P004,Baseball Cap,MetroGoods,355.8,4,10,1280.88,71,0
T00425,2025-04-14,S06,P002,Slim Jeans,SupraSupply,874.54,3,15,2230.08,14,0
T00426,2024-12-16,S04,P008,Chinos,PrimeWare,902.96,1,5,857.81,78,0
T00427,2025-04-06,S08,P005,Hoodie,PrimeWare,1434.3,4,5,5450.34,1,1
T00428,2025-08-31,S10,P005,Hoodie,PrimeWare,1276.08,4,0,5104.32,83,0
T00429,2025-06-18,S03,P001,Classic T-Shirt,MetroGoods,208.17,1,15,176.94,33,0
T00430,2025-01-14,S01,P005,Hoodie,MetroGoods,1342.07,2,0,2684.14,68,0
T00431,2024-11-10,S06,P010,Backpack,PrimeWare,1503.24,4,0,6012.96,72,0
T00432,2025-05-01,S10,P003,Running Shoes,PrimeWare,2458.82,5,15,10449.98,46,0
T00433,2025-12-12,S05,P008,Chinos,MetroGoods,1119.03,6,15,5707.05,27,0
T00434,2025-01-28,S03,P003,Running Shoes,PrimeWare,2436.32,3,0,7308.96,90,0
T00435,2024-08-04,S04,P005,Hoodie,SupraSupply,1455.57,1,15,1237.23,14,0
T00436,2025-08-21,S05,P010,Backpack,MetroGoods,1354.71,1,10,1219.24,35,0
T00437,2025-06-04,S05,P001,Classic T-Shirt,PrimeWare,224.77,2,10,404.59,77,0
T00438,2025-09-25,S07,P009,Sunglasses,LocalDepot,672.0,3,0,2016.0,66,0
T00439,2025-08-24,S06,P003,Running Shoes,MetroGoods,2833.59,4,5,10767.64,49,0
T00440,2025-01-22,S06,P009,Sunglasses,PrimeWare,631.14,4,10,2272.1,38,0
T00441,2024-06-28,S03,P008,Chinos,LocalDepot,1073.09,2,5,2038.87,19,0
T00442,2025-11-15,S07,P008,Chinos,SupraSupply,1014.91,5,5,4820.82,1,1
T00443,2024-11-12,S06,P002,Slim Jeans,MetroGoods,970.31,1,5,921.79,54,0
T00444,2024-10-11,S04,P004,Baseball Cap,MetroGoods,381.33,3,15,972.39,50,0
T00445,2024-12-31,S02,P010,Backpack,MetroGoods,1532.9,3,0,4598.7,60,0
T00446,2025-06-20,S08,P008,Chinos,SupraSupply,1141.51,4,10,4109.44,118,0
T00447,2025-11-11,S04,P004,Baseball Cap,PrimeWare,321.8,7,10,2027.34,25,0
T00448,2024-12-03,S07,P001,Classic T-Shirt,SupraSupply,186.13,4,0,744.52,103,0
T00449,2025-07-20,S02,P009,Sunglasses,PrimeWare,659.73,2,15,1121.54,73,0
T00450,2024-02-27,S09,P009,Sunglasses,SupraSupply,574.89,4,15,1954.63,92,0
T00451,2024-09-07,S10,P008,Chinos,MetroGoods,1012.81,2,5,1924.34,82,0
T00452,2024-08-21,S03,P005,Hoodie,MetroGoods,1291.0,3,15,3292.05,58,0
T00453,2025-09-15,S03,P008,Chinos,SupraSupply,946.95,3,15,2414.72,62,0
T00454,2024-04-03,S09,P005,Hoodie,PrimeWare,1298.67,2,0,2597.34,19,0
T00455,2025-06-19,S02,P004,Baseball Cap,MetroGoods,355.93,3,0,1067.79,41,0
T00456,2024-08-21,S01,P005,Hoodie,MetroGoods,1440.39,1,15,1224.33,26,0
T00457,2025-04-20,S10,P004,Baseball Cap,LocalDepot,341.06,3,0,1023.18,88,0
T00458,2024-11-22,S09,P002,Slim Jeans,SupraSupply,834.52,5,5,3963.97,12,0
T00459,2024-04-29,S04,P002,Slim Jeans,LocalDepot,1004.53,5,5,4771.52,93,0
T00460,2024-07-21,S02,P008,Chinos,LocalDepot,1116.32,4,0,4465.28,94,0
T00461,2025-09-04,S09,P002,Slim Jeans,MetroGoods,914.83,2,0,1829.66,105,0
T00462,2025-08-18,S05,P008,Chinos,SupraSupply,986.97,3,15,2516.77,82,0
T00463,2025-10-20,S02,P007,Formal Shirt,LocalDepot,733.6,2,0,1467.2,34,0
T00464,2024-01-01,S10,P004,Baseball Cap,LocalDepot,352.21,5,5,1673.0,55,0
T00465,2025-05-19,S07,P005,Hoodie,PrimeWare,1222.11,1,10,1099.9,111,0
T00466,2025-06-10,S06,P003,Running Shoes,LocalDepot,2668.45,2,10,4803.21,37,0
T00467,2025-06-28,S05,P005,Hoodie,PrimeWare,1206.94,4,0,4827.76,92,0
T00468,2025-11-25,S06,P004,Baseball Cap,PrimeWare,319.2,3,15,813.96,81,0
T00469,2025-10-02,S09,P009,Sunglasses,PrimeWare,606.7,3,15,1547.08,31,0
T00470,2025-05-14,S02,P008,Chinos,MetroGoods,900.71,2,5,1711.35,56,0
T00471,2025-05-22,S06,P001,Classic T-Shirt,LocalDepot,209.84,2,0,419.68,93,0
T00472,2025-03-18,S03,P003,Running Shoes,SupraSupply,2769.2,4,5,10522.96,52,0
T00473,2024-12-16,S02,P005,Hoodie,LocalDepot,1477.09,1,0,1477.09,12,0
T00474,2024-04-21,S03,P009,Sunglasses,MetroGoods,611.02,4,0,2444.08,14,0
T00475,2025-05-28,S04,P004,Baseball Cap,PrimeWare,382.44,1,5,363.32,106,0
T00476,2024-04-15,S06,P005,Hoodie,LocalDepot,1392.17,4,15,4733.38,91,0
T00477,2025-08-07,S10,P005,Hoodie,MetroGoods,1183.29,1,10,1064.96,55,0
T00478,2024-07-15,S06,P003,Running Shoes,MetroGoods,2600.54,3,0,7801.62,4,1
T00479,2025-09-16,S03,P007,Formal Shirt,MetroGoods,836.3,2,0,1672.6,4,1
T00480,2025-10-31,S06,P003,Running Shoes,LocalDepot,2534.81,3,0,7604.43,81,0
T00481,2024-08-22,S07,P010,Backpack,PrimeWare,1420.41,2,15,2414.7,52,0
T00482,2025-01-14,S08,P005,Hoodie,PrimeWare,1302.95,2,0,2605.9,44,0
T00483,2024-12-28,S05,P003,Running Shoes,PrimeWare,2288.98,2,5,4349.06,40,0
T00484,2025-03-11,S08,P006,Socks (Pack),PrimeWare,194.07,3,0,582.21,50,0
T00485,2024-01-06,S07,P010,Backpack,LocalDepot,1627.53,3,0,4882.59,74,0
T00486,2024-12-28,S01,P007,Formal Shirt,LocalDepot,736.44,1,5,699.62,78,0
T00487,2024-01-20,S08,P003,Running Shoes,PrimeWare,2323.46,3,5,6621.86,82,0
T00488,2024-10-28,S04,P004,Baseball Cap,PrimeWare,329.15,1,0,329.15,78,0
T00489,2025-03-13,S01,P006,Socks (Pack),PrimeWare,208.09,4,0,832.36,118,0
T00490,2024-08-08,S06,P007,Formal Shirt,MetroGoods,809.62,3,0,2428.86,7,1
T00491,2024-10-07,S09,P010,Backpack,LocalDepot,1518.04,1,15,1290.33,11,0
T00492,2024-06-13,S02,P002,Slim Jeans,MetroGoods,868.82,1,10,781.94,82,0
T00493,2024-02-17,S08,P006,Socks (Pack),LocalDepot,215.19,3,10,581.01,84,0
T00494,2024-10-13,S08,P007,Formal Shirt,MetroGoods,797.08,1,5,757.23,39,0
T00495,2024-03-01,S10,P010,Backpack,LocalDepot,1536.07,4,0,6144.28,40,0
T00496,2024-10-09,S01,P002,Slim Jeans,PrimeWare,938.59,3,0,2815.77,73,0
T00497,2024-10-18,S06,P009,Sunglasses,LocalDepot,592.99,4,15,2016.17,119,0
T00498,2024-03-16,S08,P002,Slim Jeans,MetroGoods,953.43,2,15,1620.83,43,0
T00499,2024-06-03,S07,P006,Socks (Pack),MetroGoods,214.55,4,5,815.29,102,0
T00500,2025-07-29,S05,P010,Backpack,MetroGoods,1358.87,3,5,3872.78,81,0
T00501,2024-12-01,S08,P002,Slim Jeans,MetroGoods,988.87,1,0,988.87,82,0
T00502,2025-07-24,S09,P010,Backpack,PrimeWare,1459.9,4,0,5839.6,60,0
T00503,2024-05-23,S05,P009,Sunglasses,SupraSupply,585.85,2,0,1171.7,65,0
T00504,2025-04-01,S06,P002,Slim Jeans,PrimeWare,871.05,3,15,2221.18,34,0
T00505,2025-04-24,S03,P004,Baseball Cap,PrimeWare,358.05,4,5,1360.59,53,0
T00506,2024-12-07,S08,P004,Baseball Cap,PrimeWare,317.98,7,0,2225.86,40,0
T00507,2025-09-10,S05,P004,Baseball Cap,PrimeWare,380.37,2,15,646.63,17,0
T00508,2025-10-19,S03,P001,Classic T-Shirt,SupraSupply,211.82,3,15,540.14,120,0
T00509,2025-05-13,S07,P007,Formal Shirt,LocalDepot,910.09,2,0,1820.18,50,0
T00510,2025-06-08,S09,P001,Classic T-Shirt,SupraSupply,211.88,2,5,402.57,113,0
T00511,2024-02-02,S01,P006,Socks (Pack),LocalDepot,210.57,3,10,568.54,38,0
T00512,2024-10-16,S06,P009,Sunglasses,LocalDepot,544.98,4,15,1852.93,55,0
T00513,2024-03-18,S06,P010,Backpack,SupraSupply,1428.5,2,15,2428.45,30,0
T00514,2025-06-28,S02,P010,Backpack,SupraSupply,1676.99,3,0,5030.97,45,0
T00515,2025-08-10,S09,P003,Running Shoes,SupraSupply,2803.62,3,0,8410.86,57,0
T00516,2024-03-15,S10,P008,Chinos,MetroGoods,1108.92,1,0,1108.92,0,1
T00517,2025-04-07,S05,P007,Formal Shirt,LocalDepot,775.75,4,10,2792.7,62,0
T00518,2024-07-05,S06,P003,Running Shoes,SupraSupply,2787.1,3,5,7943.23,93,0
T00519,2025-06-24,S06,P010,Backpack,LocalDepot,1544.04,3,15,3937.3,50,0
T00520,2025-08-11,S01,P007,Formal Shirt,LocalDepot,901.52,1,0,901.52,68,0
T00521,2024-01-20,S01,P005,Hoodie,LocalDepot,1173.77,5,10,5281.96,58,0
T00522,2025-03-13,S04,P001,Classic T-Shirt,PrimeWare,207.08,3,15,528.05,53,0
T00523,2025-08-21,S05,P003,Running Shoes,MetroGoods,2811.92,4,0,11247.68,20,0
T00524,2025-10-31,S09,P006,Socks (Pack),LocalDepot,189.58,2,15,322.29,39,0
T00525,2025-08-13,S10,P004,Baseball Cap,PrimeWare,356.42,2,10,641.56,20,0
T00526,2024-07-30,S04,P003,Running Shoes,MetroGoods,2597.89,5,5,12339.98,29,0
T00527,2024-01-27,S03,P005,Hoodie,SupraSupply,1467.12,5,0,7335.6,77,0
T00528,2024-05-10,S10,P009,Sunglasses,SupraSupply,657.86,3,0,1973.58,55,0
T00529,2024-12-01,S06,P009,Sunglasses,SupraSupply,669.36,4,0,2677.44,61,0
T00530,2024-07-25,S04,P006,Socks (Pack),MetroGoods,197.09,2,0,394.18,29,0
T00531,2024-10-04,S03,P005,Hoodie,LocalDepot,1411.58,5,10,6352.11,59,0
T00532,2024-01-28,S04,P004,Baseball Cap,PrimeWare,332.68,6,5,1896.28,41,0
T00533,2025-01-19,S08,P003,Running Shoes,SupraSupply,2565.7,2,0,5131.4,11,0
T00534,2025-01-24,S08,P001,Classic T-Shirt,MetroGoods,228.55,2,0,457.1,58,0
T00535,2025-02-12,S08,P001,Classic T-Shirt,LocalDepot,223.61,3,0,670.83,82,0
T00536,2025-08-27,S04,P004,Baseball Cap,LocalDepot,342.24,3,15,872.71,74,0
T00537,2025-06-02,S02,P002,Slim Jeans,MetroGoods,1016.94,3,15,2593.2,34,0
T00538,2024-06-15,S09,P010,Backpack,SupraSupply,1680.65,4,0,6722.6,71,0
T00539,2025-09-11,S02,P004,Baseball Cap,LocalDepot,341.59,1,0,341.59,36,0
T00540,2024-07-14,S06,P006,Socks (Pack),LocalDepot,188.98,2,15,321.27,124,0
T00541,2025-05-04,S02,P004,Baseball Cap,PrimeWare,322.9,3,0,968.7,26,0
T00542,2025-04-12,S09,P005,Hoodie,SupraSupply,1364.75,2,0,2729.5,54,0
T00543,2025-03-06,S01,P001,Classic T-Shirt,LocalDepot,198.73,2,5,377.59,92,0
T00544,2025-01-04,S02,P007,Formal Shirt,PrimeWare,790.25,5,10,3556.12,72,0
T00545,2025-10-29,S02,P005,Hoodie,LocalDepot,1435.23,5,0,7176.15,27,0
T00546,2025-10-28,S04,P005,Hoodie,SupraSupply,1439.02,6,10,7770.71,8,1
T00547,2024-10-08,S08,P007,Formal Shirt,SupraSupply,795.22,2,0,1590.44,75,0
T00548,2024-09-11,S01,P006,Socks (Pack),MetroGoods,187.96,1,0,187.96,14,0
T00549,2024-05-11,S10,P003,Running Shoes,SupraSupply,2545.5,3,0,7636.5,30,0
T00550,2025-12-12,S03,P009,Sunglasses,MetroGoods,603.49,2,0,1206.98,120,0
T00551,2025-09-02,S01,P008,Chinos,SupraSupply,916.94,6,10,4951.48,62,0
T00552,2025-09-24,S05,P004,Baseball Cap,PrimeWare,322.65,4,0,1290.6,85,0
T00553,2024-06-25,S03,P007,Formal Shirt,LocalDepot,803.22,4,15,2730.95,90,0
T00554,2025-11-15,S09,P003,Running Shoes,MetroGoods,2444.6,4,0,9778.4,48,0
T00555,2024-06-15,S06,P003,Running Shoes,SupraSupply,2433.1,2,10,4379.58,22,0
T00556,2024-11-09,S08,P001,Classic T-Shirt,MetroGoods,188.75,4,0,755.0,48,0
T00557,2025-09-28,S06,P007,Formal Shirt,PrimeWare,853.78,1,0,853.78,77,0
T00558,2024-12-05,S01,P006,Socks (Pack),SupraSupply,184.34,2,0,368.68,77,0
T00559,2024-05-27,S08,P001,Classic T-Shirt,SupraSupply,187.99,2,0,375.98,48,0
T00560,2025-09-04,S01,P007,Formal Shirt,LocalDepot,797.26,2,15,1355.34,54,0
T00561,2024-04-12,S03,P009,Sunglasses,MetroGoods,647.08,1,0,647.08,87,0
T00562,2024-04-04,S06,P001,Classic T-Shirt,MetroGoods,197.72,3,5,563.5,104,0
T00563,2025-05-02,S02,P007,Formal Shirt,SupraSupply,912.61,2,0,1825.22,72,0
T00564,2024-05-17,S07,P008,Chinos,LocalDepot,969.17,5,0,4845.85,0,1
T00565,2025-05-02,S01,P010,Backpack,PrimeWare,1527.95,4,0,6111.8,47,0
T00566,2024-11-26,S05,P008,Chinos,MetroGoods,1092.8,1,10,983.52,25,0
T00567,2025-05-04,S06,P009,Sunglasses,SupraSupply,610.92,3,0,1832.76,53,0
T00568,2024-05-08,S10,P008,Chinos,MetroGoods,973.27,4,0,3893.08,59,0
T00569,2024-05-26,S09,P004,Baseball Cap,MetroGoods,381.03,3,0,1143.09,25,0
T00570,2025-02-17,S02,P004,Baseball Cap,SupraSupply,366.55,1,10,329.9,41,0
T00571,2024-09-12,S10,P005,Hoodie,SupraSupply,1413.4,3,15,3604.17,29,0
T00572,2025-11-06,S05,P004,Baseball Cap,MetroGoods,316.97,2,15,538.85,96,0
T00573,2025-11-15,S06,P005,Hoodie,LocalDepot,1236.25,3,0,3708.75,108,0
T00574,2024-05-14,S09,P010,Backpack,PrimeWare,1576.04,4,10,5673.74,36,0
T00575,2025-11-08,S07,P006,Socks (Pack),PrimeWare,181.36,6,15,924.94,17,0
T00576,2025-01-29,S10,P003,Running Shoes,SupraSupply,2680.72,2,15,4557.22,125,0
T00577,2024-01-15,S04,P001,Classic T-Shirt,MetroGoods,198.79,4,0,795.16,41,0
T00578,2024-06-14,S01,P003,Running Shoes,MetroGoods,2279.3,3,0,6837.9,35,0
T00579,2025-08-08,S06,P007,Formal Shirt,SupraSupply,755.06,3,15,1925.4,63,0
T00580,2024-07-11,S08,P008,Chinos,PrimeWare,997.01,3,0,2991.03,46,0
T00581,2024-08-07,S07,P010,Backpack,LocalDepot,1722.91,4,0,6891.64,36,0
T00582,2025-07-12,S10,P008,Chinos,PrimeWare,902.13,4,0,3608.52,103,0
T00583,2025-11-02,S02,P008,Chinos,PrimeWare,987.69,7,5,6568.14,77,0
T00584,2024-07-09,S06,P009,Sunglasses,PrimeWare,556.12,4,15,1890.81,31,0
T00585,2025-07-16,S06,P005,Hoodie,LocalDepot,1179.37,5,10,5307.16,27,0
T00586,2025-06-15,S02,P008,Chinos,PrimeWare,1058.39,3,0,3175.17,85,0
T00587,2025-03-12,S02,P005,Hoodie,PrimeWare,1240.54,1,10,1116.49,90,0
T00588,2024-04-06,S09,P001,Classic T-Shirt,MetroGoods,211.28,4,10,760.61,1,1
T00589,2024-05-03,S08,P004,Baseball Cap,SupraSupply,315.23,5,5,1497.34,112,0
T00590,2024-12-21,S05,P009,Sunglasses,MetroGoods,651.27,2,5,1237.41,59,0
T00591,2025-07-20,S08,P005,Hoodie,LocalDepot,1185.82,3,10,3201.71,25,0
T00592,2025-02-11,S09,P002,Slim Jeans,MetroGoods,896.7,4,15,3048.78,99,0
T00593,2025-11-27,S04,P009,Sunglasses,MetroGoods,657.65,2,10,1183.77,36,0
T00594,2024-12-28,S01,P004,Baseball Cap,MetroGoods,360.3,1,5,342.28,55,0
T00595,2025-07-30,S10,P009,Sunglasses,MetroGoods,630.89,4,10,2271.2,25,0
T00596,2025-06-29,S09,P009,Sunglasses,SupraSupply,542.38,2,0,1084.76,32,0
T00597,2025-12-11,S09,P006,Socks (Pack),MetroGoods,225.19,4,15,765.65,4,1
T00598,2024-06-11,S03,P009,Sunglasses,PrimeWare,643.72,5,0,3218.6,32,0
T00599,2024-06-04,S03,P002,Slim Jeans,MetroGoods,986.74,3,10,2664.2,49,0
T00600,2024-07-26,S10,P009,Sunglasses,LocalDepot,618.22,1,10,556.4,36,0
T00601,2024-10-30,S01,P005,Hoodie,LocalDepot,1381.73,3,5,3937.93,50,0
T00602,2025-05-02,S09,P007,Formal Shirt,LocalDepot,837.81,3,10,2262.09,34,0
T00603,2024-11-03,S06,P008,Chinos,MetroGoods,909.46,1,0,909.46,50,0
T00604,2025-12-26,S02,P001,Classic T-Shirt,PrimeWare,202.05,2,5,383.9,86,0
T00605,2025-09-19,S05,P009,Sunglasses,MetroGoods,636.87,2,5,1210.05,72,0
T00606,2025-02-24,S02,P010,Backpack,SupraSupply,1564.16,2,0,3128.32,52,0
T00607,2024-06-13,S03,P003,Running Shoes,LocalDepot,2523.43,5,15,10724.58,45,0
T00608,2025-10-23,S07,P004,Baseball Cap,MetroGoods,329.76,3,5,939.82,53,0
T00609,2024-09-11,S07,P007,Formal Shirt,MetroGoods,901.54,4,15,3065.24,5,1
T00610,2024-10-09,S02,P006,Socks (Pack),MetroGoods,196.32,2,15,333.74,96,0
T00611,2025-08-22,S07,P003,Running Shoes,SupraSupply,2480.18,1,0,2480.18,69,0
T00612,2024-05-25,S04,P003,Running Shoes,LocalDepot,2485.9,1,5,2361.6,44,0
T00613,2025-10-14,S06,P005,Hoodie,SupraSupply,1367.1,3,0,4101.3,17,0
T00614,2025-06-20,S09,P002,Slim Jeans,PrimeWare,845.54,5,15,3593.54,63,0
T00615,2024-08-25,S10,P002,Slim Jeans,LocalDepot,1026.28,5,15,4361.69,74,0
T00616,2025-07-08,S05,P008,Chinos,SupraSupply,949.14,3,10,2562.68,59,0
T00617,2024-03-13,S08,P010,Backpack,MetroGoods,1445.49,4,0,5781.96,27,0
T00618,2025-01-25,S05,P006,Socks (Pack),SupraSupply,191.12,3,15,487.36,77,0
T00619,2025-03-12,S02,P005,Hoodie,LocalDepot,1422.04,3,15,3626.2,66,0
T00620,2024-10-25,S03,P010,Backpack,LocalDepot,1702.44,4,10,6128.78,64,0
T00621,2024-03-31,S09,P004,Baseball Cap,SupraSupply,399.67,3,0,1199.01,48,0
T00622,2024-09-04,S10,P010,Backpack,PrimeWare,1544.25,4,5,5868.15,92,0
T00623,2024-02-28,S07,P008,Chinos,LocalDepot,923.28,5,0,4616.4,47,0
T00624,2024-09-14,S05,P002,Slim Jeans,PrimeWare,934.24,5,0,4671.2,85,0
T00625,2025-11-13,S06,P009,Sunglasses,LocalDepot,625.32,3,10,1688.36,44,0
T00626,2024-01-14,S06,P005,Hoodie,SupraSupply,1221.98,2,10,2199.56,44,0
T00627,2025-08-22,S08,P002,Slim Jeans,MetroGoods,980.19,2,10,1764.34,40,0
T00628,2025-11-12,S04,P008,Chinos,LocalDepot,1009.83,2,10,1817.69,102,0
T00629,2025-07-28,S02,P005,Hoodie,LocalDepot,1292.0,3,5,3682.2,102,0
T00630,2025-09-13,S10,P010,Backpack,LocalDepot,1379.27,4,0,5517.08,39,0
T00631,2025-09-08,S07,P009,Sunglasses,SupraSupply,539.62,3,5,1537.92,63,0
T00632,2025-08-12,S10,P002,Slim Jeans,SupraSupply,813.54,2,10,1464.37,53,0
T00633,2025-01-04,S02,P002,Slim Jeans,MetroGoods,863.87,4,15,2937.16,33,0
T00634,2025-02-07,S10,P010,Backpack,LocalDepot,1678.1,4,15,5705.54,3,1
T00635,2025-04-16,S06,P001,Classic T-Shirt,LocalDepot,198.27,2,0,396.54,48,0
T00636,2025-02-12,S09,P010,Backpack,SupraSupply,1616.24,3,0,4848.72,123,0
T00637,2025-08-03,S01,P007,Formal Shirt,MetroGoods,902.52,3,0,2707.56,62,0
T00638,2024-04-11,S01,P003,Running Shoes,PrimeWare,2258.58,4,10,8130.89,61,0
T00639,2025-04-12,S07,P005,Hoodie,SupraSupply,1229.87,3,0,3689.61,45,0
T00640,2024-12-26,S06,P005,Hoodie,PrimeWare,1291.11,2,0,2582.22,25,0
T00641,2024-02-18,S05,P004,Baseball Cap,LocalDepot,349.88,1,0,349.88,50,0
T00642,2024-06-13,S08,P006,Socks (Pack),PrimeWare,193.92,2,5,368.45,75,0
T00643,2025-02-14,S09,P004,Baseball Cap,PrimeWare,365.57,2,15,621.47,42,0
T00644,2024-04-01,S03,P006,Socks (Pack),LocalDepot,210.45,3,15,536.65,95,0
T00645,2024-11-20,S06,P006,Socks (Pack),MetroGoods,192.44,2,15,327.15,107,0
T00646,2025-10-16,S02,P005,Hoodie,SupraSupply,1297.62,1,10,1167.86,46,0
T00647,2025-10-16,S06,P007,Formal Shirt,LocalDepot,742.42,2,5,1410.6,35,0
T00648,2024-09-28,S07,P003,Running Shoes,MetroGoods,2345.89,3,0,7037.67,7,1
T00649,2025-03-24,S06,P008,Chinos,PrimeWare,948.4,4,0,3793.6,82,0
T00650,2024-11-26,S03,P006,Socks (Pack),MetroGoods,223.45,5,15,949.66,30,0
T00651,2025-08-18,S02,P001,Classic T-Shirt,MetroGoods,224.99,3,15,573.72,4,1
T00652,2025-07-27,S09,P005,Hoodie,PrimeWare,1243.78,2,10,2238.8,4,1
T00653,2025-09-25,S03,P009,Sunglasses,LocalDepot,632.7,2,15,1075.59,50,0
T00654,2024-04-02,S04,P002,Slim Jeans,SupraSupply,980.46,1,15,833.39,37,0
T00655,2024-05-29,S07,P010,Backpack,PrimeWare,1495.65,3,15,3813.91,80,0
T00656,2025-02-10,S09,P006,Socks (Pack),PrimeWare,195.15,4,0,780.6,28,0
T00657,2024-10-27,S07,P003,Running Shoes,SupraSupply,2690.01,3,10,7263.03,6,1
T00658,2024-11-27,S10,P010,Backpack,SupraSupply,1637.25,4,5,6221.55,88,0
T00659,2024-09-08,S08,P004,Baseball Cap,SupraSupply,318.0,3,10,858.6,67,0
T00660,2024-01-27,S03,P009,Sunglasses,PrimeWare,579.83,5,15,2464.28,32,0
T00661,2024-09-08,S04,P008,Chinos,MetroGoods,920.34,4,5,3497.29,0,1
T00662,2024-05-28,S08,P004,Baseball Cap,MetroGoods,401.31,2,10,722.36,27,0
T00663,2024-01-22,S05,P001,Classic T-Shirt,MetroGoods,181.59,2,15,308.7,58,0
T00664,2025-02-28,S08,P010,Backpack,LocalDepot,1409.52,1,0,1409.52,83,0
T00665,2025-02-26,S09,P009,Sunglasses,MetroGoods,661.46,4,0,2645.84,52,0
T00666,2025-10-04,S09,P003,Running Shoes,LocalDepot,2633.51,6,15,13430.9,70,0
T00667,2025-12-24,S07,P010,Backpack,PrimeWare,1558.9,5,10,7015.05,71,0
T00668,2025-01-14,S05,P006,Socks (Pack),LocalDepot,198.36,1,10,178.52,63,0
T00669,2025-07-07,S04,P006,Socks (Pack),PrimeWare,191.78,5,0,958.9,9,1
T00670,2024-11-25,S02,P006,Socks (Pack),MetroGoods,197.47,1,5,187.6,15,0
T00671,2024-04-08,S09,P004,Baseball Cap,MetroGoods,334.92,4,0,1339.68,22,0
T00672,2024-04-17,S08,P009,Sunglasses,PrimeWare,616.08,4,15,2094.67,59,0
T00673,2025-12-19,S04,P010,Backpack,PrimeWare,1463.45,2,0,2926.9,65,0
T00674,2024-10-02,S04,P009,Sunglasses,LocalDepot,625.3,4,5,2376.14,15,0
T00675,2025-09-25,S01,P010,Backpack,LocalDepot,1354.58,3,15,3454.18,8,1
T00676,2024-03-07,S08,P008,Chinos,LocalDepot,1013.96,3,0,3041.88,1,1
T00677,2025-07-26,S01,P003,Running Shoes,LocalDepot,2822.6,2,15,4798.42,35,0
T00678,2025-12-24,S06,P001,Classic T-Shirt,LocalDepot,200.9,1,5,190.86,58,0
T00679,2024-03-07,S02,P003,Running Shoes,PrimeWare,2623.84,4,0,10495.36,38,0
T00680,2024-01-29,S10,P005,Hoodie,PrimeWare,1325.92,4,15,4508.13,55,0
T00681,2025-12-22,S08,P010,Backpack,LocalDepot,1532.47,4,5,5823.39,0,1
T00682,2025-11-08,S07,P003,Running Shoes,MetroGoods,2358.52,3,0,7075.56,2,1
T00683,2024-12-04,S05,P008,Chinos,PrimeWare,948.35,3,0,2845.05,0,1
T00684,2024-05-27,S10,P004,Baseball Cap,LocalDepot,328.35,4,5,1247.73,93,0
T00685,2024-01-07,S10,P009,Sunglasses,PrimeWare,561.04,2,0,1122.08,3,1
T00686,2025-08-24,S01,P010,Backpack,PrimeWare,1461.96,3,10,3947.29,56,0
T00687,2025-06-26,S02,P002,Slim Jeans,SupraSupply,1026.48,1,0,1026.48,67,0
T00688,2024-09-11,S03,P007,Formal Shirt,MetroGoods,748.69,5,0,3743.45,53,0
T00689,2024-01-31,S03,P010,Backpack,MetroGoods,1510.07,8,0,12080.56,38,0
T00690,2024-04-01,S02,P008,Chinos,PrimeWare,969.65,1,0,969.65,50,0
T00691,2025-02-21,S07,P002,Slim Jeans,LocalDepot,854.5,5,0,4272.5,63,0
T00692,2024-12-17,S08,P007,Formal Shirt,MetroGoods,766.1,2,0,1532.2,57,0
T00693,2024-12-29,S02,P003,Running Shoes,PrimeWare,2717.63,2,0,5435.26,39,0
T00694,2025-05-26,S07,P003,Running Shoes,PrimeWare,2490.14,2,0,4980.28,78,0
T00695,2025-02-15,S03,P002,Slim Jeans,PrimeWare,935.52,2,5,1777.49,57,0
T00696,2025-10-24,S04,P004,Baseball Cap,PrimeWare,316.01,5,10,1422.04,47,0
T00697,2024-04-06,S06,P002,Slim Jeans,LocalDepot,1024.9,7,15,6098.16,21,0
T00698,2025-09-12,S05,P009,Sunglasses,SupraSupply,658.24,1,0,658.24,98,0
T00699,2025-11-30,S09,P001,Classic T-Shirt,SupraSupply,228.5,3,5,651.22,54,0
T00700,2024-01-02,S02,P006,Socks (Pack),MetroGoods,211.7,4,0,846.8,57,0
T00701,2024-11-30,S01,P009,Sunglasses,SupraSupply,685.2,3,0,2055.6,64,0
T00702,2025-08-04,S05,P007,Formal Shirt,SupraSupply,791.18,4,5,3006.48,40,0
T00703,2024-06-25,S06,P010,Backpack,SupraSupply,1496.19,1,0,1496.19,81,0
T00704,2024-07-05,S10,P004,Baseball Cap,LocalDepot,344.43,4,0,1377.72,48,0
T00705,2024-04-09,S04,P009,Sunglasses,PrimeWare,632.71,2,15,1075.61,56,0
T00706,2025-08-10,S10,P003,Running Shoes,PrimeWare,2696.43,3,0,8089.29,32,0
T00707,2025-06-03,S08,P003,Running Shoes,MetroGoods,2510.08,7,0,17570.56,78,0
T00708,2025-09-29,S08,P003,Running Shoes,SupraSupply,2658.22,3,15,6778.46,33,0
T00709,2024-11-15,S09,P001,Classic T-Shirt,SupraSupply,196.55,4,0,786.2,52,0
T00710,2025-11-30,S02,P005,Hoodie,PrimeWare,1346.31,2,10,2423.36,82,0
T00711,2024-04-12,S10,P003,Running Shoes,MetroGoods,2802.39,4,10,10088.6,5,1
T00712,2025-09-19,S04,P008,Chinos,MetroGoods,1097.11,4,10,3949.6,74,0
T00713,2025-04-03,S08,P006,Socks (Pack),LocalDepot,195.11,3,5,556.06,72,0
T00714,2024-12-12,S09,P002,Slim Jeans,SupraSupply,882.21,2,0,1764.42,26,0
T00715,2024-09-02,S06,P004,Baseball Cap,MetroGoods,373.37,1,10,336.03,49,0
T00716,2024-02-12,S04,P008,Chinos,LocalDepot,1147.87,2,0,2295.74,62,0
T00717,2025-11-06,S01,P006,Socks (Pack),LocalDepot,224.11,6,15,1142.96,43,0
T00718,2025-11-10,S02,P010,Backpack,SupraSupply,1492.53,2,10,2686.55,35,0
T00719,2025-07-13,S09,P006,Socks (Pack),LocalDepot,191.93,5,0,959.65,13,0
T00720,2024-05-18,S05,P004,Baseball Cap,PrimeWare,345.21,3,5,983.85,75,0
T00721,2025-10-03,S04,P008,Chinos,PrimeWare,1046.96,2,0,2093.92,44,0
T00722,2025-01-21,S07,P007,Formal Shirt,LocalDepot,798.86,2,15,1358.06,66,0
T00723,2025-05-18,S08,P002,Slim Jeans,SupraSupply,1026.58,3,15,2617.78,70,0
T00724,2025-09-16,S06,P002,Slim Jeans,LocalDepot,906.81,1,0,906.81,15,0
T00725,2024-10-21,S05,P007,Formal Shirt,LocalDepot,895.14,2,5,1700.77,28,0
T00726,2024-07-11,S09,P001,Classic T-Shirt,SupraSupply,201.83,6,0,1210.98,39,0
T00727,2025-10-18,S05,P002,Slim Jeans,MetroGoods,843.08,3,5,2402.78,49,0
T00728,2024-02-18,S01,P006,Socks (Pack),SupraSupply,181.39,3,5,516.96,101,0
T00729,2024-12-26,S07,P005,Hoodie,MetroGoods,1284.04,3,15,3274.3,36,0
T00730,2025-06-04,S01,P009,Sunglasses,LocalDepot,674.09,2,0,1348.18,2,1
T00731,2025-11-28,S03,P009,Sunglasses,PrimeWare,609.93,7,5,4056.03,71,0
T00732,2025-04-13,S04,P001,Classic T-Shirt,SupraSupply,182.87,6,10,987.5,44,0
T00733,2024-03-15,S04,P003,Running Shoes,PrimeWare,2322.19,3,5,6618.24,25,0
T00734,2025-08-07,S08,P004,Baseball Cap,MetroGoods,322.38,3,10,870.43,24,0
T00735,2025-01-25,S01,P010,Backpack,SupraSupply,1403.92,2,0,2807.84,30,0
T00736,2024-01-05,S02,P004,Baseball Cap,PrimeWare,339.95,2,5,645.9,42,0
T00737,2025-02-03,S06,P004,Baseball Cap,MetroGoods,354.48,3,15,903.92,9,1
T00738,2024-02-15,S06,P004,Baseball Cap,LocalDepot,383.52,5,15,1629.96,52,0
T00739,2025-09-28,S03,P003,Running Shoes,MetroGoods,2509.17,2,15,4265.59,50,0
T00740,2024-07-28,S07,P005,Hoodie,PrimeWare,1378.13,4,5,5236.89,15,0
T00741,2025-03-01,S07,P005,Hoodie,SupraSupply,1467.16,5,0,7335.8,62,0
T00742,2024-07-13,S07,P007,Formal Shirt,PrimeWare,885.68,1,5,841.4,53,0
T00743,2025-10-03,S05,P008,Chinos,SupraSupply,988.8,5,5,4696.8,57,0
T00744,2024-05-11,S01,P007,Formal Shirt,LocalDepot,813.43,3,10,2196.26,45,0
T00745,2024-04-28,S02,P004,Baseball Cap,SupraSupply,397.38,6,5,2265.07,43,0
T00746,2024-07-06,S08,P003,Running Shoes,SupraSupply,2744.23,2,0,5488.46,49,0
T00747,2024-09-19,S06,P009,Sunglasses,MetroGoods,606.75,5,5,2882.06,79,0
T00748,2024-10-18,S05,P007,Formal Shirt,PrimeWare,808.79,2,15,1374.94,30,0
T00749,2024-05-02,S05,P010,Backpack,SupraSupply,1523.34,3,0,4570.02,125,0
T00750,2025-07-22,S04,P007,Formal Shirt,SupraSupply,722.45,3,0,2167.35,13,0
T00751,2025-06-14,S04,P008,Chinos,MetroGoods,1134.27,3,5,3232.67,55,0
T00752,2024-04-21,S08,P001,Classic T-Shirt,LocalDepot,193.37,1,15,164.36,31,0
T00753,2025-02-01,S04,P002,Slim Jeans,SupraSupply,974.43,1,15,828.27,36,0
T00754,2024-09-04,S02,P003,Running Shoes,SupraSupply,2377.62,2,0,4755.24,37,0
T00755,2025-03-24,S10,P007,Formal Shirt,PrimeWare,882.71,4,0,3530.84,0,1
T00756,2025-11-09,S08,P003,Running Shoes,SupraSupply,2313.78,2,15,3933.43,77,0
T00757,2024-11-21,S04,P009,Sunglasses,MetroGoods,565.12,1,15,480.35,33,0
T00758,2024-06-05,S10,P001,Classic T-Shirt,SupraSupply,210.4,2,5,399.76,37,0
T00759,2024-12-24,S05,P006,Socks (Pack),MetroGoods,194.8,1,5,185.06,96,0
T00760,2025-02-04,S04,P008,Chinos,SupraSupply,1042.82,2,0,2085.64,58,0
T00761,2025-06-01,S03,P007,Formal Shirt,PrimeWare,888.24,3,0,2664.72,28,0
T00762,2025-10-04,S04,P002,Slim Jeans,MetroGoods,965.37,8,5,7336.81,57,0
T00763,2024-01-26,S06,P004,Baseball Cap,LocalDepot,324.15,2,15,551.05,37,0
T00764,2025-09-08,S02,P008,Chinos,MetroGoods,1062.37,3,5,3027.75,59,0
T00765,2024-05-26,S05,P009,Sunglasses,MetroGoods,583.28,1,15,495.79,59,0
T00766,2024-04-24,S06,P009,Sunglasses,SupraSupply,677.71,4,10,2439.76,26,0
T00767,2025-09-25,S07,P002,Slim Jeans,SupraSupply,913.78,4,0,3655.12,100,0
T00768,2024-02-09,S06,P003,Running Shoes,PrimeWare,2625.47,7,10,16540.46,25,0
T00769,2024-01-07,S02,P003,Running Shoes,MetroGoods,2321.23,3,0,6963.69,48,0
T00770,2025-01-31,S01,P007,Formal Shirt,SupraSupply,852.09,1,15,724.28,113,0
T00771,2025-10-05,S02,P010,Backpack,MetroGoods,1505.95,3,0,4517.85,41,0
T00772,2024-01-21,S10,P001,Classic T-Shirt,SupraSupply,199.4,3,10,538.38,56,0
T00773,2024-10-16,S10,P008,Chinos,LocalDepot,998.34,2,0,1996.68,30,0
T00774,2024-08-31,S07,P010,Backpack,LocalDepot,1666.67,3,0,5000.01,16,0
T00775,2024-12-19,S10,P008,Chinos,PrimeWare,1134.84,4,5,4312.39,17,0
T00776,2025-04-10,S08,P008,Chinos,MetroGoods,1139.32,3,0,3417.96,14,0
T00777,2024-05-27,S06,P009,Sunglasses,MetroGoods,661.08,2,0,1322.16,32,0
T00778,2024-09-20,S03,P005,Hoodie,LocalDepot,1359.17,3,10,3669.76,57,0
T00779,2025-03-18,S06,P003,Running Shoes,SupraSupply,2753.37,4,15,9361.46,18,0
T00780,2025-04-15,S03,P005,Hoodie,SupraSupply,1293.51,2,5,2457.67,44,0
T00781,2025-02-15,S09,P007,Formal Shirt,MetroGoods,730.79,3,15,1863.51,35,0
T00782,2025-02-19,S06,P003,Running Shoes,MetroGoods,2383.24,3,5,6792.23,72,0
T00783,2025-04-08,S07,P007,Formal Shirt,LocalDepot,843.22,4,10,3035.59,62,0
T00784,2025-01-07,S07,P008,Chinos,LocalDepot,1006.27,5,5,4779.78,43,0
T00785,2024-05-16,S06,P006,Socks (Pack),LocalDepot,227.27,4,5,863.63,38,0
T00786,2024-08-10,S04,P009,Sunglasses,MetroGoods,572.24,5,10,2575.08,30,0
T00787,2025-11-06,S10,P004,Baseball Cap,MetroGoods,364.03,4,10,1310.51,73,0
T00788,2025-07-15,S06,P010,Backpack,LocalDepot,1564.31,1,5,1486.09,70,0
T00789,2024-08-06,S06,P007,Formal Shirt,PrimeWare,720.02,3,10,1944.05,42,0
T00790,2024-04-21,S03,P007,Formal Shirt,LocalDepot,821.43,4,0,3285.72,0,1
T00791,2025-09-30,S08,P009,Sunglasses,PrimeWare,642.23,2,5,1220.24,7,1
T00792,2024-08-10,S01,P007,Formal Shirt,MetroGoods,743.63,3,15,1896.26,60,0
T00793,2025-11-06,S09,P006,Socks (Pack),MetroGoods,180.55,3,5,514.57,62,0
T00794,2024-07-03,S09,P007,Formal Shirt,LocalDepot,797.24,4,15,2710.62,24,0
T00795,2025-01-30,S01,P008,Chinos,MetroGoods,1131.05,2,15,1922.78,36,0
T00796,2025-11-27,S03,P010,Backpack,PrimeWare,1384.34,3,0,4153.02,0,1
T00797,2025-08-11,S03,P010,Backpack,LocalDepot,1503.52,4,0,6014.08,44,0
T00798,2024-11-20,S03,P004,Baseball Cap,LocalDepot,316.85,4,5,1204.03,58,0
T00799,2025-05-13,S04,P008,Chinos,MetroGoods,1108.38,3,5,3158.88,101,0
T00800,2025-11-23,S10,P006,Socks (Pack),SupraSupply,201.86,1,15,171.58,43,0
T00801,2024-01-22,S02,P002,Slim Jeans,SupraSupply,962.27,3,0,2886.81,87,0
T00802,2024-04-02,S01,P001,Classic T-Shirt,PrimeWare,196.98,2,5,374.26,69,0
T00803,2024-06-03,S06,P006,Socks (Pack),MetroGoods,183.66,5,15,780.56,10,0
T00804,2025-01-06,S05,P004,Baseball Cap,SupraSupply,387.46,3,0,1162.38,56,0
T00805,2025-05-01,S06,P010,Backpack,LocalDepot,1374.16,2,0,2748.32,6,1
T00806,2024-11-06,S03,P006,Socks (Pack),PrimeWare,199.17,5,0,995.85,61,0
T00807,2024-06-04,S09,P002,Slim Jeans,MetroGoods,967.08,4,0,3868.32,45,0
T00808,2025-06-29,S07,P003,Running Shoes,SupraSupply,2691.45,1,0,2691.45,67,0
T00809,2025-07-29,S07,P010,Backpack,MetroGoods,1645.5,4,10,5923.8,9,1
T00810,2025-12-07,S08,P009,Sunglasses,PrimeWare,584.72,6,10,3157.49,35,0
T00811,2025-03-31,S02,P004,Baseball Cap,MetroGoods,350.38,2,0,700.76,91,0
T00812,2025-01-25,S01,P002,Slim Jeans,MetroGoods,958.97,3,0,2876.91,49,0
T00813,2024-06-23,S07,P008,Chinos,LocalDepot,938.49,2,0,1876.98,0,1
T00814,2025-03-27,S10,P001,Classic T-Shirt,PrimeWare,184.8,1,0,184.8,62,0
T00815,2025-04-03,S10,P010,Backpack,MetroGoods,1527.88,5,0,7639.4,35,0
T00816,2024-12-13,S08,P001,Classic T-Shirt,PrimeWare,183.12,2,0,366.24,65,0
T00817,2024-06-30,S06,P002,Slim Jeans,SupraSupply,838.57,2,15,1425.57,39,0
T00818,2025-11-24,S10,P003,Running Shoes,PrimeWare,2870.2,3,5,8180.07,58,0
T00819,2025-11-15,S03,P007,Formal Shirt,SupraSupply,763.8,3,10,2062.26,23,0
T00820,2025-12-29,S06,P004,Baseball Cap,PrimeWare,370.15,3,10,999.4,66,0
T00821,2024-01-17,S06,P002,Slim Jeans,LocalDepot,881.13,4,10,3172.07,39,0
T00822,2024-06-22,S10,P010,Backpack,LocalDepot,1575.98,3,15,4018.75,36,0
T00823,2025-06-09,S05,P006,Socks (Pack),MetroGoods,180.21,2,0,360.42,47,0
T00824,2025-05-16,S09,P005,Hoodie,SupraSupply,1227.76,2,0,2455.52,20,0
T00825,2025-10-26,S03,P006,Socks (Pack),SupraSupply,216.09,5,10,972.41,67,0
T00826,2025-04-04,S05,P004,Baseball Cap,PrimeWare,365.72,2,0,731.44,27,0
T00827,2024-10-06,S06,P007,Formal Shirt,SupraSupply,913.35,3,5,2603.05,47,0
T00828,2025-07-18,S02,P008,Chinos,PrimeWare,1136.0,3,0,3408.0,18,0
T00829,2025-08-10,S03,P001,Classic T-Shirt,SupraSupply,183.06,1,10,164.75,117,0
T00830,2024-07-23,S05,P001,Classic T-Shirt,LocalDepot,179.25,2,10,322.65,43,0
T00831,2024-02-06,S07,P008,Chinos,LocalDepot,968.95,4,5,3682.01,11,0
T00832,2025-01-10,S07,P005,Hoodie,PrimeWare,1325.39,3,15,3379.74,81,0
T00833,2025-12-25,S07,P009,Sunglasses,LocalDepot,678.2,4,10,2441.52,140,0
T00834,2024-09-24,S03,P006,Socks (Pack),PrimeWare,193.03,2,0,386.06,28,0
T00835,2024-10-15,S04,P009,Sunglasses,LocalDepot,661.55,4,0,2646.2,65,0
T00836,2025-11-18,S02,P005,Hoodie,LocalDepot,1314.81,1,15,1117.59,66,0
T00837,2024-01-24,S06,P002,Slim Jeans,SupraSupply,931.2,2,5,1769.28,99,0
T00838,2024-03-17,S02,P003,Running Shoes,MetroGoods,2733.19,2,10,4919.74,64,0
T00839,2024-06-06,S06,P003,Running Shoes,SupraSupply,2394.79,3,5,6825.15,35,0
T00840,2024-03-18,S04,P010,Backpack,SupraSupply,1373.3,2,15,2334.61,28,0
T00841,2025-09-24,S01,P001,Classic T-Shirt,PrimeWare,179.18,4,0,716.72,60,0
T00842,2025-10-08,S03,P002,Slim Jeans,LocalDepot,938.99,2,5,1784.08,40,0
T00843,2024-02-27,S02,P006,Socks (Pack),SupraSupply,180.14,2,0,360.28,48,0
T00844,2024-07-09,S04,P003,Running Shoes,SupraSupply,2488.36,4,5,9455.77,18,0
T00845,2025-03-19,S02,P002,Slim Jeans,SupraSupply,828.47,6,0,4970.82,67,0
T00846,2024-03-22,S04,P004,Baseball Cap,SupraSupply,398.61,5,5,1893.4,46,0
T00847,2025-05-02,S06,P007,Formal Shirt,MetroGoods,801.65,2,0,1603.3,48,0
T00848,2025-04-25,S08,P004,Baseball Cap,MetroGoods,355.83,2,10,640.49,13,0
T00849,2025-03-29,S10,P005,Hoodie,SupraSupply,1384.45,4,0,5537.8,45,0
T00850,2024-03-22,S09,P003,Running Shoes,SupraSupply,2353.77,5,5,11180.41,52,0
T00851,2024-05-27,S04,P003,Running Shoes,PrimeWare,2508.77,1,5,2383.33,9,1
T00852,2025-12-17,S10,P009,Sunglasses,MetroGoods,664.98,3,15,1695.7,45,0
T00853,2024-07-10,S02,P002,Slim Jeans,MetroGoods,854.22,4,5,3246.04,25,0
T00854,2025-02-08,S04,P006,Socks (Pack),MetroGoods,195.31,1,5,185.54,61,0
T00855,2025-06-02,S05,P010,Backpack,LocalDepot,1356.28,4,0,5425.12,66,0
T00856,2024-09-13,S04,P005,Hoodie,LocalDepot,1373.77,1,15,1167.7,69,0
T00857,2025-11-01,S04,P006,Socks (Pack),SupraSupply,181.9,2,10,327.42,30,0
T00858,2024-03-07,S05,P005,Hoodie,MetroGoods,1380.93,4,10,4971.35,13,0
T00859,2024-12-18,S02,P001,Classic T-Shirt,LocalDepot,224.95,1,15,191.21,53,0
T00860,2024-03-22,S10,P001,Classic T-Shirt,LocalDepot,198.0,3,10,534.6,42,0
T00861,2024-11-22,S01,P008,Chinos,SupraSupply,1014.72,5,0,5073.6,93,0
T00862,2025-08-05,S06,P010,Backpack,SupraSupply,1360.64,4,10,4898.3,41,0
T00863,2025-01-01,S06,P005,Hoodie,LocalDepot,1399.14,3,15,3567.81,58,0
T00864,2024-11-03,S06,P008,Chinos,LocalDepot,952.96,5,10,4288.32,48,0
T00865,2024-08-21,S06,P008,Chinos,MetroGoods,1081.99,2,0,2163.98,67,0
T00866,2025-12-08,S03,P010,Backpack,SupraSupply,1486.62,1,0,1486.62,104,0
T00867,2025-04-17,S07,P006,Socks (Pack),LocalDepot,223.39,4,0,893.56,24,0
T00868,2025-04-20,S07,P006,Socks (Pack),LocalDepot,211.04,4,0,844.16,94,0
T00869,2025-01-29,S03,P008,Chinos,MetroGoods,1045.98,3,15,2667.25,36,0
T00870,2024-11-20,S01,P007,Formal Shirt,MetroGoods,905.45,1,10,814.91,72,0
T00871,2025-01-09,S03,P007,Formal Shirt,LocalDepot,766.66,3,0,2299.98,61,0
T00872,2024-06-03,S07,P001,Classic T-Shirt,MetroGoods,197.15,7,0,1380.05,74,0
T00873,2024-04-07,S03,P010,Backpack,MetroGoods,1488.44,2,0,2976.88,2,1
T00874,2024-06-02,S07,P001,Classic T-Shirt,LocalDepot,199.14,4,5,756.73,51,0
T00875,2024-01-23,S06,P005,Hoodie,MetroGoods,1280.37,5,15,5441.57,45,0
T00876,2024-11-06,S07,P008,Chinos,MetroGoods,1013.7,4,0,4054.8,58,0
T00877,2024-07-13,S05,P009,Sunglasses,MetroGoods,635.43,2,0,1270.86,9,1
T00878,2025-03-19,S10,P008,Chinos,LocalDepot,1040.97,5,0,5204.85,28,0
T00879,2025-11-12,S03,P007,Formal Shirt,LocalDepot,787.02,1,10,708.32,48,0
T00880,2024-03-09,S06,P001,Classic T-Shirt,SupraSupply,196.42,3,10,530.33,48,0
T00881,2024-05-24,S08,P006,Socks (Pack),PrimeWare,217.15,3,10,586.31,33,0
T00882,2024-08-09,S09,P004,Baseball Cap,LocalDepot,315.84,3,15,805.39,100,0
T00883,2024-11-11,S08,P007,Formal Shirt,SupraSupply,760.07,5,10,3420.32,90,0
T00884,2025-12-01,S06,P003,Running Shoes,PrimeWare,2688.14,5,0,13440.7,16,0
T00885,2025-09-05,S07,P010,Backpack,SupraSupply,1707.95,2,0,3415.9,51,0
T00886,2024-12-15,S09,P003,Running Shoes,PrimeWare,2400.58,2,15,4080.99,61,0
T00887,2025-08-01,S03,P006,Socks (Pack),PrimeWare,220.14,3,10,594.38,24,0
T00888,2025-04-02,S02,P008,Chinos,SupraSupply,1103.17,5,0,5515.85,84,0
T00889,2024-08-02,S07,P006,Socks (Pack),MetroGoods,197.88,4,10,712.37,56,0
T00890,2025-10-11,S04,P006,Socks (Pack),PrimeWare,185.14,6,0,1110.84,63,0
T00891,2025-08-14,S05,P008,Chinos,PrimeWare,1072.6,4,10,3861.36,0,1
T00892,2024-11-25,S04,P006,Socks (Pack),MetroGoods,190.2,2,10,342.36,79,0
T00893,2024-09-12,S04,P010,Backpack,MetroGoods,1497.33,4,15,5090.92,135,0
T00894,2024-01-20,S10,P008,Chinos,LocalDepot,933.62,3,0,2800.86,66,0
T00895,2025-01-28,S09,P006,Socks (Pack),SupraSupply,225.21,4,15,765.71,54,0
T00896,2024-03-24,S10,P003,Running Shoes,PrimeWare,2554.33,5,15,10855.9,49,0
T00897,2025-09-09,S08,P009,Sunglasses,LocalDepot,615.31,1,5,584.54,65,0
T00898,2025-02-02,S02,P005,Hoodie,LocalDepot,1275.21,3,15,3251.79,40,0
T00899,2025-01-07,S05,P004,Baseball Cap,MetroGoods,385.83,1,10,347.25,88,0
T00900,2024-08-16,S08,P001,Classic T-Shirt,MetroGoods,216.86,6,0,1301.16,33,0
T00901,2025-09-27,S06,P001,Classic T-Shirt,PrimeWare,202.9,5,0,1014.5,84,0
T00902,2024-10-06,S09,P008,Chinos,MetroGoods,944.95,3,15,2409.62,58,0
T00903,2025-09-11,S08,P006,Socks (Pack),PrimeWare,204.15,3,10,551.21,36,0
T00904,2025-09-03,S04,P009,Sunglasses,MetroGoods,650.65,3,5,1854.35,87,0
T00905,2024-03-03,S02,P010,Backpack,PrimeWare,1422.93,3,15,3628.47,0,1
T00906,2024-09-11,S09,P004,Baseball Cap,PrimeWare,364.3,2,5,692.17,93,0
T00907,2024-11-01,S07,P007,Formal Shirt,SupraSupply,856.17,4,0,3424.68,89,0
T00908,2024-10-30,S04,P005,Hoodie,MetroGoods,1424.9,3,5,4060.97,77,0
T00909,2024-03-21,S01,P001,Classic T-Shirt,LocalDepot,189.41,5,5,899.7,45,0
T00910,2025-04-02,S08,P006,Socks (Pack),MetroGoods,205.67,1,0,205.67,26,0
T00911,2025-08-31,S09,P007,Formal Shirt,MetroGoods,834.91,2,10,1502.84,24,0
T00912,2024-10-07,S06,P008,Chinos,SupraSupply,1046.59,4,10,3767.72,87,0
T00913,2025-12-24,S05,P008,Chinos,MetroGoods,1100.28,5,15,4676.19,121,0
T00914,2024-06-15,S08,P010,Backpack,PrimeWare,1400.63,2,0,2801.26,50,0
T00915,2024-01-18,S03,P010,Backpack,PrimeWare,1566.99,3,5,4465.92,78,0
T00916,2025-07-19,S01,P002,Slim Jeans,PrimeWare,903.59,2,5,1716.82,66,0
T00917,2024-11-18,S06,P008,Chinos,MetroGoods,1106.04,2,5,2101.48,60,0
T00918,2025-10-05,S09,P007,Formal Shirt,SupraSupply,837.02,2,0,1674.04,10,0
T00919,2024-07-01,S06,P007,Formal Shirt,LocalDepot,755.95,3,0,2267.85,75,0
T00920,2025-10-21,S10,P006,Socks (Pack),SupraSupply,187.96,3,10,507.49,90,0
T00921,2025-06-07,S06,P005,Hoodie,SupraSupply,1440.76,3,10,3890.05,41,0
T00922,2024-03-06,S03,P001,Classic T-Shirt,LocalDepot,215.15,4,0,860.6,92,0
T00923,2024-04-14,S03,P002,Slim Jeans,MetroGoods,947.99,4,15,3223.17,24,0
T00924,2024-04-04,S03,P009,Sunglasses,MetroGoods,628.95,3,5,1792.51,39,0
T00925,2024-03-24,S06,P006,Socks (Pack),PrimeWare,189.39,7,5,1259.44,26,0
T00926,2025-05-19,S06,P007,Formal Shirt,SupraSupply,824.14,6,0,4944.84,37,0
T00927,2025-06-21,S09,P007,Formal Shirt,SupraSupply,759.79,2,0,1519.58,4,1
T00928,2025-07-15,S07,P007,Formal Shirt,MetroGoods,861.3,2,0,1722.6,58,0
T00929,2024-06-11,S04,P002,Slim Jeans,LocalDepot,996.12,4,0,3984.48,42,0
T00930,2024-09-02,S05,P002,Slim Jeans,MetroGoods,819.37,2,15,1392.93,35,0
T00931,2024-02-23,S09,P001,Classic T-Shirt,SupraSupply,213.98,2,15,363.77,75,0
T00932,2024-02-13,S08,P004,Baseball Cap,SupraSupply,399.08,2,15,678.44,30,0
T00933,2024-05-20,S04,P004,Baseball Cap,MetroGoods,369.37,3,15,941.89,46,0
T00934,2025-01-31,S06,P009,Sunglasses,PrimeWare,585.24,4,0,2340.96,94,0
T00935,2025-05-19,S01,P007,Formal Shirt,PrimeWare,810.31,3,0,2430.93,42,0
T00936,2024-02-11,S07,P001,Classic T-Shirt,SupraSupply,204.78,3,0,614.34,88,0
T00937,2024-08-01,S10,P004,Baseball Cap,SupraSupply,339.31,4,0,1357.24,15,0
T00938,2024-01-08,S10,P004,Baseball Cap,LocalDepot,393.41,3,0,1180.23,31,0
T00939,2025-06-05,S02,P006,Socks (Pack),PrimeWare,196.82,3,10,531.41,37,0
T00940,2024-06-04,S07,P003,Running Shoes,MetroGoods,2371.24,4,0,9484.96,9,1
T00941,2024-09-29,S01,P009,Sunglasses,PrimeWare,670.26,1,0,670.26,14,0
T00942,2024-06-12,S06,P009,Sunglasses,LocalDepot,684.94,5,0,3424.7,70,0
T00943,2024-12-08,S10,P004,Baseball Cap,PrimeWare,375.97,3,15,958.72,17,0
T00944,2025-02-06,S06,P004,Baseball Cap,PrimeWare,384.01,1,5,364.81,28,0
T00945,2024-01-30,S05,P002,Slim Jeans,LocalDepot,852.25,3,15,2173.24,18,0
T00946,2024-07-28,S10,P008,Chinos,LocalDepot,1008.24,3,15,2571.01,85,0
T00947,2025-01-31,S02,P003,Running Shoes,SupraSupply,2328.61,3,5,6636.54,20,0
T00948,2025-08-06,S04,P002,Slim Jeans,MetroGoods,855.73,4,0,3422.92,73,0
T00949,2025-01-04,S04,P005,Hoodie,PrimeWare,1393.48,6,5,7942.84,51,0
T00950,2025-08-03,S01,P008,Chinos,MetroGoods,914.95,2,0,1829.9,69,0
T00951,2024-11-13,S04,P005,Hoodie,SupraSupply,1179.47,4,0,4717.88,54,0
T00952,2024-12-07,S04,P001,Classic T-Shirt,MetroGoods,179.48,1,0,179.48,104,0
T00953,2024-12-01,S08,P004,Baseball Cap,LocalDepot,349.0,5,10,1570.5,31,0
T00954,2025-05-18,S07,P008,Chinos,MetroGoods,1060.18,5,5,5035.86,55,0
T00955,2025-11-14,S09,P008,Chinos,PrimeWare,1006.16,2,10,1811.09,23,0
T00956,2024-01-01,S02,P004,Baseball Cap,SupraSupply,347.1,6,15,1770.21,60,0
T00957,2024-01-12,S10,P001,Classic T-Shirt,SupraSupply,181.42,5,5,861.74,89,0
T00958,2025-03-31,S01,P005,Hoodie,PrimeWare,1249.96,3,0,3749.88,71,0
T00959,2024-04-09,S10,P007,Formal Shirt,MetroGoods,789.14,4,5,2998.73,89,0
T00960,2025-10-23,S06,P001,Classic T-Shirt,MetroGoods,208.8,2,5,396.72,94,0
T00961,2024-03-18,S07,P004,Baseball Cap,PrimeWare,356.23,2,0,712.46,58,0
T00962,2024-10-31,S07,P005,Hoodie,SupraSupply,1200.34,2,5,2280.65,47,0
T00963,2024-05-25,S02,P001,Classic T-Shirt,PrimeWare,207.5,6,5,1182.75,40,0
T00964,2024-05-03,S08,P005,Hoodie,MetroGoods,1339.7,4,0,5358.8,72,0
T00965,2024-01-15,S08,P001,Classic T-Shirt,MetroGoods,195.62,2,10,352.12,76,0
T00966,2025-04-11,S02,P002,Slim Jeans,MetroGoods,989.98,4,5,3761.92,0,1
T00967,2024-10-03,S09,P010,Backpack,PrimeWare,1383.19,3,10,3734.61,0,1
T00968,2024-03-05,S10,P001,Classic T-Shirt,LocalDepot,202.42,7,0,1416.94,61,0
T00969,2025-02-11,S04,P003,Running Shoes,SupraSupply,2353.3,3,5,6706.91,52,0
T00970,2025-05-24,S01,P007,Formal Shirt,SupraSupply,887.13,4,0,3548.52,43,0
T00971,2024-06-28,S08,P007,Formal Shirt,LocalDepot,911.33,4,10,3280.79,54,0
T00972,2025-11-03,S10,P001,Classic T-Shirt,SupraSupply,211.2,9,0,1900.8,45,0
T00973,2025-05-05,S05,P002,Slim Jeans,PrimeWare,972.06,3,0,2916.18,57,0
T00974,2025-11-18,S05,P004,Baseball Cap,SupraSupply,395.33,5,5,1877.82,43,0
T00975,2025-12-07,S04,P005,Hoodie,MetroGoods,1350.7,3,0,4052.1,37,0
T00976,2025-07-30,S01,P008,Chinos,SupraSupply,940.95,2,15,1599.62,11,0
T00977,2024-08-25,S09,P007,Formal Shirt,LocalDepot,757.71,3,0,2273.13,103,0
T00978,2024-03-31,S05,P001,Classic T-Shirt,PrimeWare,192.11,3,10,518.7,55,0
T00979,2025-04-28,S06,P010,Backpack,LocalDepot,1634.56,5,10,7355.52,24,0
T00980,2025-11-05,S03,P009,Sunglasses,PrimeWare,614.63,5,10,2765.84,30,0
T00981,2024-11-24,S09,P006,Socks (Pack),MetroGoods,200.49,6,5,1142.79,47,0
T00982,2025-08-17,S07,P006,Socks (Pack),MetroGoods,203.0,2,5,385.7,51,0
T00983,2024-12-21,S06,P007,Formal Shirt,LocalDepot,880.02,4,10,3168.07,31,0
T00984,2025-11-22,S03,P005,Hoodie,LocalDepot,1299.75,3,5,3704.29,54,0
T00985,2025-03-18,S07,P009,Sunglasses,PrimeWare,601.46,2,10,1082.63,61,0
T00986,2024-05-20,S10,P002,Slim Jeans,PrimeWare,822.52,3,15,2097.43,58,0
T00987,2025-04-06,S06,P006,Socks (Pack),LocalDepot,195.7,1,15,166.34,2,1
T00988,2024-12-17,S03,P009,Sunglasses,SupraSupply,668.71,2,5,1270.55,67,0
T00989,2025-07-07,S03,P009,Sunglasses,PrimeWare,604.55,2,10,1088.19,65,0
T00990,2024-07-29,S10,P003,Running Shoes,MetroGoods,2867.5,5,0,14337.5,76,0
T00991,2024-04-24,S02,P007,Formal Shirt,LocalDepot,876.85,3,10,2367.5,26,0
T00992,2025-06-16,S09,P009,Sunglasses,SupraSupply,568.43,5,0,2842.15,17,0
T00993,2024-09-17,S10,P002,Slim Jeans,SupraSupply,822.28,2,15,1397.88,78,0
T00994,2025-12-01,S03,P009,Sunglasses,MetroGoods,605.02,4,5,2299.08,27,0
T00995,2024-11-29,S08,P006,Socks (Pack),SupraSupply,187.69,1,5,178.31,26,0
T00996,2025-06-19,S09,P006,Socks (Pack),LocalDepot,190.06,5,10,855.27,22,0
T00997,2025-02-21,S04,P007,Formal Shirt,PrimeWare,870.38,3,15,2219.47,16,0
T00998,2024-06-08,S04,P002,Slim Jeans,LocalDepot,965.17,3,0,2895.51,33,0
T00999,2025-05-22,S01,P004,Baseball Cap,SupraSupply,376.38,4,10,1354.97,28,0
T01000,2024-09-04,S02,P003,Running Shoes,PrimeWare,2517.96,3,5,7176.19,40,0
